dataset,ecosystem,attribute,setting,reference,method,threshold,unit,n_ref,ref_iqr,ref_range,n_ext,n_docs_ext,w1,w1_lo,w1_hi,w1_skip,w1_log,w1_log_lo,w1_log_hi,w1_log_skip,w1_shuffled_mean,w1_shuffled_lo,w1_shuffled_hi,w1_shuffled_n_ok,w1_shuffled_skip,w1_shuffled_log_mean,w1_shuffled_log_lo,w1_shuffled_log_hi,w1_shuffled_log_n_ok,w1_shuffled_log_skip,n_docs_ext_shuffled_mean
pond,pond,surface_area,valid,ground_truth,,,m^2,274,5093.0,193819.0,277,24,4009.4820153363785,2079.447394200114,6860.83300515165,,0.21751544398554,0.18096643543507407,0.3094753328717042,,,,,0,,,,,0,,
pond,pond,surface_area,ntp_ge_0.00,ground_truth,ntp,0.0,m^2,274,5093.0,193819.0,326,24,6256.734252295001,2120.2936645352893,10361.052692646968,,0.19090863011960135,0.15235660220946892,0.31438102503019205,,6256.734252295002,6256.734252295001,6256.734252295001,20,,0.19090863011960132,0.19090863011960135,0.19090863011960135,20,,24.0
pond,pond,surface_area,ntp_ge_0.10,ground_truth,ntp,0.1,m^2,274,5093.0,193819.0,326,24,6256.734252295001,1843.9898570697683,10871.743273724831,,0.19090863011960135,0.13397674449092645,0.3124603436052274,,6256.734252295002,6256.734252295001,6256.734252295001,20,,0.19090863011960132,0.19090863011960135,0.19090863011960135,20,,24.0
pond,pond,surface_area,ntp_ge_0.20,ground_truth,ntp,0.2,m^2,274,5093.0,193819.0,260,24,3286.8014879281227,1834.8441416339072,8144.288693851759,,0.2015468173296553,0.14386897103144705,0.33852421033233177,,6893.213231166471,3891.5999438019385,8315.2753004211,20,,0.19965059020042222,0.16283052044013124,0.2256178469372638,20,,22.7
pond,pond,surface_area,ntp_ge_0.30,ground_truth,ntp,0.3,m^2,274,5093.0,193819.0,241,23,2224.341187872909,1544.2364497834428,5998.030292349395,,0.198428909438982,0.1483661636185275,0.2597803354077897,,6743.575238699754,3201.1203412181612,8632.664340055868,20,,0.20219556326055632,0.15522306265568273,0.2357666528870468,20,,22.2
pond,pond,surface_area,ntp_ge_0.40,ground_truth,ntp,0.4,m^2,274,5093.0,193819.0,235,23,2324.603882590469,1865.045379717349,5784.94801444324,,0.20464642056143986,0.1580380566647914,0.30077944494955056,,6418.755239372582,2959.63282166486,8819.76299862169,20,,0.20164020594029353,0.15049620042411133,0.23706392505393684,20,,22.05
pond,pond,surface_area,ntp_ge_0.50,ground_truth,ntp,0.5,m^2,274,5093.0,193819.0,232,23,2370.385791593257,1635.3507629624942,7606.681556758109,,0.20422097126244154,0.16272086539952532,0.32052359681111897,,6509.237216259745,2943.2764352661748,8972.24970395874,20,,0.2010762360571538,0.14867726597633718,0.24513737104420125,20,,22.05
pond,pond,surface_area,ntp_ge_0.60,ground_truth,ntp,0.6,m^2,274,5093.0,193819.0,229,23,2413.860007012406,1942.7004394702449,4770.425093233034,,0.20227948753313366,0.1606574104283221,0.29405229738180183,,6597.582877823299,3035.298345504102,9122.884363644702,20,,0.20250796427182954,0.15298288593491619,0.24820034718213055,20,,21.85
pond,pond,surface_area,ntp_ge_0.70,ground_truth,ntp,0.7,m^2,274,5093.0,193819.0,227,23,2459.4378918936327,1594.9364959484224,5055.372015177332,,0.2046507559751832,0.16036502370370215,0.30654454624660693,,6635.591783689201,3077.990399803856,9226.523474247584,20,,0.20156801079883926,0.1497593005571961,0.24352011203579804,20,,21.8
pond,pond,surface_area,ntp_ge_0.80,ground_truth,ntp,0.8,m^2,274,5093.0,193819.0,223,23,2508.5363163235315,1672.5228597263622,8235.6577661124,,0.19962258397551302,0.14736922786633913,0.34763559277415523,,6677.658890738448,3035.434738421008,8811.84252614891,20,,0.20187503309458465,0.15625112878456143,0.24049519297918173,20,,21.6
pond,pond,surface_area,ntp_ge_0.90,ground_truth,ntp,0.9,m^2,274,5093.0,193819.0,211,22,2823.19732244786,1319.0169297228988,6628.004593178121,,0.2119821718666956,0.19392225224523776,0.3283760557139052,,6816.956761927931,3089.1427788597994,9148.509458137334,20,,0.20188229270472777,0.14972625247888388,0.2587974071266159,20,,21.2
pond,pond,surface_area,probe_ge_0.00,ground_truth,probe,0.0,m^2,274,5093.0,193819.0,326,24,6256.734252295001,3559.1755705974774,19022.75796295676,,0.19090863011960135,0.14178054857747485,0.27414356210545066,,6256.734252295002,6256.734252295001,6256.734252295001,20,,0.19090863011960132,0.19090863011960135,0.19090863011960135,20,,24.0
pond,pond,surface_area,probe_ge_0.10,ground_truth,probe,0.1,m^2,274,5093.0,193819.0,323,24,3303.3658781948448,2087.497985082823,8178.182149590959,,0.18746476514269667,0.1430263715927338,0.27522229880860505,,6123.539739576527,4293.4894302049815,6355.006203272262,20,,0.19119102116055509,0.1863083534277849,0.19688338981840897,20,,24.0
pond,pond,surface_area,probe_ge_0.20,ground_truth,probe,0.2,m^2,274,5093.0,193819.0,311,23,3257.6333932217713,1706.2351946716485,6873.90100334745,,0.1930580306727438,0.14094652128171964,0.3396729944037306,,5917.650565921077,3456.3143791161065,6661.206882843763,20,,0.19315780844607508,0.18494567887347033,0.20248397487826214,20,,23.85
pond,pond,surface_area,probe_ge_0.30,ground_truth,probe,0.3,m^2,274,5093.0,193819.0,303,23,3435.104461106698,2562.028819418346,7468.201801621861,,0.203929452138658,0.17791690862098386,0.31633448552766796,,5835.533657769046,3091.7490129363373,6882.120925939536,20,,0.1919132689264315,0.18078835925898243,0.2032427953081925,20,,23.75
pond,pond,surface_area,probe_ge_0.40,ground_truth,probe,0.4,m^2,274,5093.0,193819.0,288,22,3284.354242700733,1958.441983475272,6713.869135872863,,0.2155803311523215,0.19072789266205878,0.2896528834104471,,5638.901178975309,2967.488561207418,7209.139254021561,20,,0.19281960478222418,0.17761933132469726,0.20811761410835672,20,,23.25
pond,pond,surface_area,probe_ge_0.50,ground_truth,probe,0.5,m^2,274,5093.0,193819.0,262,21,1603.7561709477884,1525.7549687970122,4469.405201426417,,0.23782554920897647,0.19027128609736066,0.37350717085324037,,5842.516080922973,2754.3956674283972,7851.101772956452,20,,0.19049689846034903,0.1597068264177067,0.21491700239193332,20,,22.7
pond,pond,surface_area,probe_ge_0.60,ground_truth,probe,0.6,m^2,274,5093.0,193819.0,246,18,1894.3247581745936,1701.8031044151694,4906.594756987721,,0.24612512415234974,0.17568534923394413,0.39702983673519443,,5998.530338070429,2559.0082689120836,8256.869888686115,20,,0.19149999975313442,0.1622479139472896,0.21167741446139227,20,,22.3
pond,pond,surface_area,probe_ge_0.70,ground_truth,probe,0.7,m^2,274,5093.0,193819.0,195,17,1761.2990454800645,1646.4884535841275,5075.344103499909,,0.2946434797898697,0.22377495275447026,0.3858783827754529,,6139.458047031621,2854.58957679861,10222.0207223161,20,,0.1928744006892158,0.1622863969572604,0.2329064156757529,20,,21.15
pond,pond,surface_area,probe_ge_0.80,ground_truth,probe,0.8,m^2,274,5093.0,193819.0,161,16,1533.1310695017426,1566.43333295552,3835.8642307430746,,0.25622258752329763,0.17966386758301814,0.384855937257622,,6108.0393332547565,2311.21433279118,12234.84271963323,20,,0.20846082630136217,0.16972336175107056,0.26209793460635916,20,,20.6
pond,pond,surface_area,probe_ge_0.90,ground_truth,probe,0.9,m^2,274,5093.0,193819.0,51,12,1882.391584370973,1763.5408222413116,5873.478692571921,,0.15019437059305563,0.17340770750650766,0.3316145141609678,,4938.893514662948,2231.64271504222,11885.455301209395,20,,0.2519362067956238,0.1795901567945848,0.34931394277192546,20,,15.6
pond,pond,max_depth,valid,ground_truth,,,m,161,1.0050000000000001,7.32,97,17,1.5698325350579487,0.7510209143881668,2.516161773708138,,0.23180716756344705,0.15971301766552465,0.31441683587450714,,,,,0,,,,,0,,
pond,pond,max_depth,ntp_ge_0.00,ground_truth,ntp,0.0,m,161,1.0050000000000001,7.32,121,21,6.056775288742877,4.463670935783584,7.5850921528668955,,0.40601411622064604,0.30728921939140086,0.5071636390712762,,6.056775288742875,6.056775288742877,6.056775288742877,20,,0.40601411622064604,0.40601411622064604,0.40601411622064604,20,,21.0
pond,pond,max_depth,ntp_ge_0.10,ground_truth,ntp,0.1,m,161,1.0050000000000001,7.32,121,21,6.056775288742877,4.534498735177866,8.15073610209948,,0.40601411622064604,0.3060527699028569,0.5409993676584153,,6.056775288742875,6.056775288742877,6.056775288742877,20,,0.40601411622064604,0.40601411622064604,0.40601411622064604,20,,21.0
pond,pond,max_depth,ntp_ge_0.20,ground_truth,ntp,0.2,m,161,1.0050000000000001,7.32,99,19,4.74158823640128,2.941431135736244,5.981025340360123,,0.35268004520189306,0.24698404944235622,0.46373960145613713,,6.034658589936634,5.02937919599724,7.265413993977037,20,,0.4066852840690647,0.3671595404620366,0.46627202322997774,20,,19.55
pond,pond,max_depth,ntp_ge_0.30,ground_truth,ntp,0.3,m,161,1.0050000000000001,7.32,86,18,3.982786263180702,2.506367466416293,6.130392432110355,,0.3387312984833733,0.2545253907310384,0.41448892751395683,,5.991988239924888,4.961007978296982,6.949900362017911,20,,0.40481109557510875,0.3611161219329378,0.44776243537146704,20,,18.65
pond,pond,max_depth,ntp_ge_0.40,ground_truth,ntp,0.4,m,161,1.0050000000000001,7.32,85,18,4.038151516258677,2.844543765071246,5.634567130982828,,0.34365243446697913,0.23880860861312703,0.4559153651765432,,5.997273516258677,4.926834516258678,7.029819898611619,20,,0.40582666491970104,0.35465098008587204,0.4449252045549544,20,,18.45
pond,pond,max_depth,ntp_ge_0.50,ground_truth,ntp,0.5,m,161,1.0050000000000001,7.32,84,18,4.097215942028986,3.0212899741200836,5.970339373706003,,0.349844430986005,0.232866214281596,0.4581302808243628,,6.012023918219462,4.995624334886129,6.982386328933747,20,,0.40580432536375194,0.35698069192637766,0.4468198594405555,20,,18.35
pond,pond,max_depth,ntp_ge_0.60,ground_truth,ntp,0.6,m,161,1.0050000000000001,7.32,80,17,3.9694897515527954,2.450701785714285,5.397652503881988,,0.33069687852342955,0.26207737114681007,0.39519005273780705,,5.970525626552795,4.861011564052795,7.042752251552794,20,,0.4036118576588213,0.34999859091080815,0.44975109126345447,20,,18.1
pond,pond,max_depth,ntp_ge_0.70,ground_truth,ntp,0.7,m,161,1.0050000000000001,7.32,79,17,3.9782587388945663,2.6095092922006446,5.724588163377624,,0.3270423485779933,0.23999176972346312,0.4425304688902244,,5.989459624970516,4.920464371805958,7.091424150286972,20,,0.40396453662366943,0.3473253999577884,0.4540809476079716,20,,18.0
pond,pond,max_depth,ntp_ge_0.80,ground_truth,ntp,0.8,m,161,1.0050000000000001,7.32,77,17,3.832843647656692,2.755150992377189,6.5103614257481635,,0.31092776424964763,0.17401322827633348,0.4405021523583983,,6.013750725578769,5.03419098531903,7.25880770609825,20,,0.4042798045388064,0.3499192857466713,0.46544324051275643,20,,17.85
pond,pond,max_depth,ntp_ge_0.90,ground_truth,ntp,0.9,m,161,1.0050000000000001,7.32,73,16,3.461945231004851,2.190681647026292,5.402925400536034,,0.3010279808894093,0.2152136239084108,0.41676800662022595,,5.959899066621289,5.056818518676085,7.526691566621288,20,,0.40194069689021106,0.34593809085135013,0.48253559979263716,20,,17.45
pond,pond,max_depth,probe_ge_0.00,ground_truth,probe,0.0,m,161,1.0050000000000001,7.32,121,21,6.056775288742877,3.7959101654175864,9.116681458600684,,0.40601411622064604,0.29166066725122186,0.4762612250105472,,6.056775288742875,6.056775288742877,6.056775288742877,20,,0.40601411622064604,0.40601411622064604,0.40601411622064604,20,,21.0
pond,pond,max_depth,probe_ge_0.10,ground_truth,probe,0.1,m,161,1.0050000000000001,7.32,120,21,6.117243918219462,4.598444774844721,7.833305128105589,,0.41240089857276735,0.31851535234786976,0.4848849984124918,,6.037404751552796,5.713275584886129,6.116029751552794,20,,0.4053172062362191,0.3959756436899399,0.4115130918593862,20,,20.95
pond,pond,max_depth,probe_ge_0.20,ground_truth,probe,0.2,m,161,1.0050000000000001,7.32,114,20,4.93524852348262,3.9500947823362758,5.7863334627329195,,0.3748002065895345,0.28022277294031406,0.47016807493036217,,5.919245102429988,5.38886299716683,6.362590584886128,20,,0.401825886732179,0.38176526625258506,0.4208148822679376,20,,20.5
pond,pond,max_depth,probe_ge_0.30,ground_truth,probe,0.3,m,161,1.0050000000000001,7.32,110,20,4.650557933370978,2.7232410742518356,5.615782141445511,,0.3522763475485722,0.28299198621492927,0.44963415694155406,,5.880063478825522,5.281744751552796,6.533049297007339,20,,0.39929038541078976,0.3758984479103123,0.4261798740306749,20,,20.2
pond,pond,max_depth,probe_ge_0.40,ground_truth,probe,0.4,m,161,1.0050000000000001,7.32,104,18,3.7644320592451024,1.5299741137123757,4.947096327042523,,0.304839887677,0.2410260227403608,0.38452259745648754,,5.85534749193741,4.991437347706641,6.718884342898948,20,,0.3971041758476255,0.3594984116886464,0.43907805193309496,20,,19.85
pond,pond,max_depth,probe_ge_0.50,ground_truth,probe,0.5,m,161,1.0050000000000001,7.32,97,15,3.1496263494909402,1.065888851091759,4.561715737017353,,0.2801342544353446,0.1925162347643728,0.3763786239014932,,5.887388617532176,4.752724803099187,7.111696323717743,20,,0.40021169558460157,0.34928114980720154,0.4579008323204862,20,,19.25
pond,pond,max_depth,probe_ge_0.60,ground_truth,probe,0.6,m,161,1.0050000000000001,7.32,88,14,2.995717024280067,1.8462621753246744,3.8820000084697903,,0.30230855971772475,0.2289641474921467,0.3968469100985832,,5.7013502629164305,3.7642431606437037,7.695569723143703,20,,0.3949109617507198,0.31753652905536245,0.46662332169380794,20,,18.55
pond,pond,max_depth,probe_ge_0.70,ground_truth,probe,0.7,m,161,1.0050000000000001,7.32,76,13,3.0250292252370063,1.579554423014058,4.51997709463877,,0.3274607685344897,0.23437427255914,0.42018739471678446,,5.884947909447532,3.905016725237006,8.281602087079111,20,,0.4010210456408164,0.3358356597279316,0.4889585414794758,20,,17.55
pond,pond,max_depth,probe_ge_0.80,ground_truth,probe,0.8,m,161,1.0050000000000001,7.32,52,10,3.2809705207835638,2.3075751039178227,6.598985193502148,,0.3936888256809561,0.3198926690734244,0.4933853745168757,,6.1070503284758715,3.4541637900143343,8.225701290014333,20,,0.4062786832824714,0.31105257667900554,0.49147017645411806,20,,15.4
pond,pond,max_depth,probe_ge_0.90,ground_truth,probe,0.9,m,161,1.0050000000000001,7.32,32,2,2.3673647515527945,1.9650454386645964,2.8724699145962727,,0.5090233287133514,0.4397983177230572,0.5762516012600041,,6.479416613936334,3.0725989703027956,9.580749126552794,20,,0.4181241600725481,0.29949070815238343,0.5508969409384898,20,,12.55
pond,pond,ph,valid,ground_truth,,,,115,1.535000000000001,6.05,145,11,0.20472863568215893,0.13012046476761624,0.4755416791604198,,,,,n/a,,,,0,,,,,0,,
pond,pond,ph,ntp_ge_0.00,ground_truth,ntp,0.0,,115,1.535000000000001,6.05,181,12,1.0207518616382418,0.7031179137641126,1.5947844403074707,,,,,n/a,1.0207518616382418,1.0207518616382418,1.0207518616382418,20,,,,,0,n/a,12.0
pond,pond,ph,ntp_ge_0.10,ground_truth,ntp,0.1,,115,1.535000000000001,6.05,181,12,1.0207518616382418,0.7537053206822004,1.4095507266394427,,,,,n/a,1.0207518616382418,1.0207518616382418,1.0207518616382418,20,,,,,0,n/a,12.0
pond,pond,ph,ntp_ge_0.20,ground_truth,ntp,0.2,,115,1.535000000000001,6.05,99,11,0.36742995169082127,0.1959013394817743,0.7037187747035573,,,,,n/a,0.9843777997364956,0.7032679841897234,1.2090766139657445,20,,,,,0,n/a,10.65
pond,pond,ph,ntp_ge_0.30,ground_truth,ntp,0.3,,115,1.535000000000001,6.05,82,9,0.38428632025450693,0.20662009544008486,0.7751299840933191,,,,,n/a,1.0008181071049844,0.632802147401909,1.3388196845174973,20,,,,,0,n/a,10.45
pond,pond,ph,ntp_ge_0.40,ground_truth,ntp,0.4,,115,1.535000000000001,6.05,74,8,0.41289541715628675,0.23012144535840195,0.7148937132784958,,,,,n/a,1.0374334606345479,0.6232781580493538,1.3610401586368976,20,,,,,0,n/a,10.35
pond,pond,ph,ntp_ge_0.50,ground_truth,ntp,0.5,,115,1.535000000000001,6.05,71,8,0.38979301898346597,0.2691056644213106,0.7397488058787505,,,,,n/a,1.038450918554807,0.6143057562767913,1.3832868187385177,20,,,,,0,n/a,10.3
pond,pond,ph,ntp_ge_0.60,ground_truth,ntp,0.6,,115,1.535000000000001,6.05,69,8,0.4008115942028986,0.2501724637681161,0.7697565217391302,,,,,n/a,1.0452978260869565,0.6401891304347828,1.4300065217391302,20,,,,,0,n/a,10.25
pond,pond,ph,ntp_ge_0.70,ground_truth,ntp,0.7,,115,1.535000000000001,6.05,65,8,0.3954983277591974,0.21480769230769226,0.7805555183946485,,,,,n/a,1.069164381270903,0.6774793645484951,1.4671866889632106,20,,,,,0,n/a,10.25
pond,pond,ph,ntp_ge_0.80,ground_truth,ntp,0.8,,115,1.535000000000001,6.05,61,7,0.39489807555238776,0.20010210263720601,0.5871695652173912,,,,,n/a,1.0778047042052745,0.6860360121168925,1.5428813970064146,20,,,,,0,n/a,10.15
pond,pond,ph,ntp_ge_0.90,ground_truth,ntp,0.9,,115,1.535000000000001,6.05,55,7,0.4823794466403163,0.28193142292490114,0.907423913043478,,,,,n/a,1.0885015810276681,0.6023937747035574,1.4903138735177865,20,,,,,0,n/a,9.95
pond,pond,ph,probe_ge_0.00,ground_truth,probe,0.0,,115,1.535000000000001,6.05,181,12,1.0207518616382418,0.7088899591640645,1.3594671751141,,,,,n/a,1.0207518616382418,1.0207518616382418,1.0207518616382418,20,,,,,0,n/a,12.0
pond,pond,ph,probe_ge_0.10,ground_truth,probe,0.1,,115,1.535000000000001,6.05,174,12,0.9115487256371815,0.5695944027986006,1.1391316716641677,,,,,n/a,1.0172239130434784,0.9496756121939031,1.0771688530734633,20,,,,,0,n/a,11.85
pond,pond,ph,probe_ge_0.20,ground_truth,probe,0.2,,115,1.535000000000001,6.05,159,12,0.9280358217117858,0.6208010459392945,1.2098210418375717,,,,,n/a,1.0196124555646706,0.8976428971834838,1.1310631802023519,20,,,,,0,n/a,11.5
pond,pond,ph,probe_ge_0.30,ground_truth,probe,0.3,,115,1.535000000000001,6.05,150,12,0.9684255072463769,0.59349581884058,1.2625303985507248,,,,,n/a,1.0254385072463768,0.8835705144927537,1.1698261739130436,20,,,,,0,n/a,11.3
pond,pond,ph,probe_ge_0.40,ground_truth,probe,0.4,,115,1.535000000000001,6.05,141,11,0.9827940178846748,0.7175375269811903,1.2541616558741906,,,,,n/a,1.0397526672833797,0.8624961455442491,1.2102135214307739,20,,,,,0,n/a,11.25
pond,pond,ph,probe_ge_0.50,ground_truth,probe,0.5,,115,1.535000000000001,6.05,123,11,1.0340180275715802,0.5577648373983741,1.3609974991162956,,,,,n/a,0.99380164369035,0.7584743283845883,1.283214572287027,20,,,,,0,n/a,10.8
pond,pond,ph,probe_ge_0.60,ground_truth,probe,0.6,,115,1.535000000000001,6.05,100,10,0.9078021739130435,0.6923304891304349,1.3948410326086953,,,,,n/a,1.0030738478260868,0.7702676847826088,1.2456966739130435,20,,,,,0,n/a,10.25
pond,pond,ph,probe_ge_0.70,ground_truth,probe,0.7,,115,1.535000000000001,6.05,75,9,1.0301188405797104,0.6355468115942031,1.4809092753623188,,,,,n/a,1.0492261449275362,0.7319290144927537,1.307253101449275,20,,,,,0,n/a,9.85
pond,pond,ph,probe_ge_0.80,ground_truth,probe,0.8,,115,1.535000000000001,6.05,50,4,1.1796521739130434,0.824115652173913,1.5761817391304347,,,,,n/a,1.0878992173913045,0.6759489565217391,1.6575443913043473,20,,,,,0,n/a,9.15
pond,pond,ph,probe_ge_0.90,ground_truth,probe,0.9,,115,1.535000000000001,6.05,20,2,1.4756304347826088,1.1293717391304348,2.2525353260869565,,,,,n/a,1.2513820652173915,0.5461126086956523,2.160374673913043,20,,,,,0,n/a,7.55
pond,lake,surface_area,valid,ground_truth,,,m^2,197,77704.25,176919.0,186,26,117233.2140985754,85486.7341084002,141176.80464767205,,0.3479561073668467,0.2074543006804116,0.4890394338392024,,,,,0,,,,,0,,
pond,lake,surface_area,ntp_ge_0.00,ground_truth,ntp,0.0,m^2,197,77704.25,176919.0,243,27,114235.14447160077,88090.5042802532,144239.8484416452,,0.3935811432560346,0.2947270963912484,0.5214788994912153,,114235.14447160074,114235.14447160077,114235.14447160077,20,,0.39358114325603466,0.3935811432560346,0.3935811432560346,20,,27.0
pond,lake,surface_area,ntp_ge_0.10,ground_truth,ntp,0.1,m^2,197,77704.25,176919.0,243,27,114235.14447160077,97830.82875227174,137565.35603026886,,0.3935811432560346,0.28402429703099213,0.5203392100376578,,114235.14447160074,114235.14447160077,114235.14447160077,20,,0.39358114325603466,0.3935811432560346,0.3935811432560346,20,,27.0
pond,lake,surface_area,ntp_ge_0.20,ground_truth,ntp,0.2,m^2,197,77704.25,176919.0,190,27,117214.54007480633,85039.81969342774,147408.98407894737,,0.3637471755376433,0.26487339821012823,0.5055999568882213,,111815.78596446701,100274.27261087362,121846.39024245256,20,,0.38472022440608916,0.3438473759016711,0.434542810689857,20,,26.15
pond,lake,surface_area,ntp_ge_0.30,ground_truth,ntp,0.3,m^2,197,77704.25,176919.0,179,26,116807.4996455208,85265.9842554519,146267.14398165216,,0.3483271762041139,0.2513003760607396,0.5463270189101306,,111244.92291778917,99313.78936987778,122635.16911848115,20,,0.3808082366642852,0.3424587932884228,0.4276033138283196,20,,25.9
pond,lake,surface_area,ntp_ge_0.40,ground_truth,ntp,0.4,m^2,197,77704.25,176919.0,176,26,116335.32317143517,93348.54471331333,138703.2954891555,,0.34340912936993184,0.27241210555747986,0.4872643462751058,,110086.7825738348,96518.32342019498,122538.85315384172,20,,0.3756256554141538,0.3353691190608552,0.41938959150556465,20,,25.9
pond,lake,surface_area,ntp_ge_0.50,ground_truth,ntp,0.5,m^2,197,77704.25,176919.0,175,26,114065.23866569978,89423.18284336476,153263.28974329223,,0.33704181766732577,0.23835203809774863,0.49892559723315705,,110074.29262073967,95821.1203270486,122908.27971065987,20,,0.37543708731068326,0.3309182675868449,0.41863096350024614,20,,25.8
pond,lake,surface_area,ntp_ge_0.60,ground_truth,ntp,0.6,m^2,197,77704.25,176919.0,172,26,115330.43645968601,92619.94819974029,149064.737828326,,0.33774700922996825,0.2253601439243868,0.4525956824425056,,110897.89370056665,94327.94211353442,123483.93457310235,20,,0.38015440594648653,0.3244034396266059,0.42731464290692606,20,,25.65
pond,lake,surface_area,ntp_ge_0.70,ground_truth,ntp,0.7,m^2,197,77704.25,176919.0,172,26,115330.43645968601,89081.75244289343,143644.54164428636,,0.33774700922996825,0.22475017889343682,0.46740736283366124,,110897.89370056665,94327.94211353442,123483.93457310235,20,,0.38015440594648653,0.3244034396266059,0.42731464290692606,20,,25.65
pond,lake,surface_area,ntp_ge_0.80,ground_truth,ntp,0.8,m^2,197,77704.25,176919.0,169,26,117649.75526386927,80644.59254798306,151900.47252875977,,0.34091850824147574,0.2466741948348963,0.46527480132126176,,111116.44466554532,94579.74912368967,124826.57156309133,20,,0.3788457335729427,0.31889126814582414,0.42570618392664994,20,,25.6
pond,lake,surface_area,ntp_ge_0.90,ground_truth,ntp,0.9,m^2,197,77704.25,176919.0,168,26,117709.64031907178,87751.11854982475,143817.0879079043,,0.3376440741485627,0.23098149457243547,0.4893362976314928,,110945.2830145637,94868.4664498731,122875.0974347353,20,,0.3779481581004639,0.31672234472673805,0.4216017967675827,20,,25.6
pond,lake,surface_area,probe_ge_0.00,ground_truth,probe,0.0,m^2,197,77704.25,176919.0,243,27,114235.14447160077,86370.4906639719,137962.21734139667,,0.3935811432560346,0.2800455789446453,0.5239740983047063,,114235.14447160074,114235.14447160077,114235.14447160077,20,,0.39358114325603466,0.3935811432560346,0.3935811432560346,20,,27.0
pond,lake,surface_area,probe_ge_0.10,ground_truth,probe,0.1,m^2,197,77704.25,176919.0,243,27,114235.14447160077,88362.36926949512,142099.76974211945,,0.3935811432560346,0.277531385832349,0.5375339397319995,,114235.14447160074,114235.14447160077,114235.14447160077,20,,0.39358114325603466,0.3935811432560346,0.3935811432560346,20,,27.0
pond,lake,surface_area,probe_ge_0.20,ground_truth,probe,0.2,m^2,197,77704.25,176919.0,219,27,118998.31669100437,81690.92912987046,152223.8246384118,,0.3995564871536797,0.28450915937441446,0.54336754603143,,114358.63989755002,104264.38883712307,125027.74956771667,20,,0.3981367687894023,0.37558812868450425,0.4355960612033532,20,,26.85
pond,lake,surface_area,probe_ge_0.30,ground_truth,probe,0.3,m^2,197,77704.25,176919.0,201,26,124578.83478546354,101153.42852173146,144904.69929792662,,0.39255041741441066,0.3045588814629995,0.47861890676037544,,114217.29173043412,99810.05308293558,129538.14958645856,20,,0.39602803442210993,0.35952445065637295,0.4454507136239553,20,,26.65
pond,lake,surface_area,probe_ge_0.40,ground_truth,probe,0.4,m^2,197,77704.25,176919.0,190,26,132731.48744322735,105954.47268634784,153564.63683409026,,0.42899773965660193,0.341385832234152,0.5619473404751388,,113196.25350520972,101644.2723063051,127957.80613144534,20,,0.3928998004500827,0.3534678392326013,0.42981714767057877,20,,26.5
pond,lake,surface_area,probe_ge_0.50,ground_truth,probe,0.5,m^2,197,77704.25,176919.0,165,24,140264.73314874634,110885.22550299956,168008.6811113675,,0.4392196140385154,0.3162142430208742,0.6172954882866697,,112771.22977388096,96132.4599992309,131967.36263113367,20,,0.3900670822286949,0.3340498550444805,0.43695272972806126,20,,25.95
pond,lake,surface_area,probe_ge_0.60,ground_truth,probe,0.6,m^2,197,77704.25,176919.0,135,24,131579.96529422823,103561.62321394999,161921.7272429028,,0.3864884820867202,0.2588247781361613,0.5247739663907331,,111336.27523594661,84241.6599069374,126822.33247038917,20,,0.38416732823868616,0.32109115139295563,0.4486660724582012,20,,25.1
pond,lake,surface_area,probe_ge_0.70,ground_truth,probe,0.7,m^2,197,77704.25,176919.0,108,22,128752.70224666291,104393.71918828727,144969.94972151722,,0.3329224062950079,0.22752729912196495,0.4781242794291744,,110687.73360124082,85811.01482656515,136854.25703492196,20,,0.3814149153015883,0.31225578291616696,0.4701566184623526,20,,23.95
pond,lake,surface_area,probe_ge_0.80,ground_truth,probe,0.8,m^2,197,77704.25,176919.0,72,19,133201.4736322617,82086.25316730118,162664.1364424704,,0.30847440727848313,0.2302364740367848,0.5142521051757893,,113763.87952622674,85303.97315813592,158994.0519758178,20,,0.402451397837567,0.29619845581551646,0.5354865696941793,20,,21.05
pond,lake,surface_area,probe_ge_0.90,ground_truth,probe,0.9,m^2,197,77704.25,176919.0,18,7,152209.53045685275,51579.967075578126,297735.1276579244,,0.41945351316076496,0.2849690770613435,0.718288963448092,,118579.9926677947,59206.59955583759,162460.07431613083,20,,0.44959099381175555,0.2640640801495976,0.6276753455916175,20,,11.35
pond,lake,max_depth,valid,ground_truth,,,m,99,3.875,8.91,114,23,3.516443381180223,2.1589121477937274,4.872459130781499,,0.1970591847855349,0.1617991244721327,0.319107631840165,,,,,0,,,,,0,,
pond,lake,max_depth,ntp_ge_0.00,ground_truth,ntp,0.0,m,99,3.875,8.91,200,26,3.8082909090909087,2.6944285227272733,4.498125277777778,,0.21284929693677684,0.15645890133502183,0.3413222404496665,,3.8082909090909096,3.8082909090909087,3.8082909090909087,20,,0.21284929693677684,0.21284929693677684,0.21284929693677684,20,,26.0
pond,lake,max_depth,ntp_ge_0.10,ground_truth,ntp,0.1,m,99,3.875,8.91,200,26,3.8082909090909087,2.691341805555556,5.212010113636364,,0.21284929693677684,0.15636190882607143,0.30466723419740815,,3.8082909090909096,3.8082909090909087,3.8082909090909087,20,,0.21284929693677684,0.21284929693677684,0.21284929693677684,20,,26.0
pond,lake,max_depth,ntp_ge_0.20,ground_truth,ntp,0.2,m,99,3.875,8.91,118,24,3.677105803800718,2.777292051874679,5.282394688409519,,0.23245286075230703,0.15929317752551214,0.3075416487669277,,3.8900274781715454,3.192017933573018,4.643028419791131,20,,0.21390952722740667,0.18415943575819763,0.24784159556475213,20,,24.55
pond,lake,max_depth,ntp_ge_0.30,ground_truth,ntp,0.3,m,99,3.875,8.91,105,23,3.332727272727273,1.9464169552669555,4.852313852813852,,0.2270195733018733,0.14937347640909648,0.36335066899920987,,3.9557425685425676,2.7222103896103897,4.989701082251082,20,,0.21990717084538156,0.17548258926867716,0.26792384711683626,20,,24.1
pond,lake,max_depth,ntp_ge_0.40,ground_truth,ntp,0.4,m,99,3.875,8.91,99,23,2.4849494949494946,1.640532828282828,3.2836691919191914,,0.22103070740278852,0.15993070166384377,0.3606960181334167,,3.898464646464645,2.7173888888888884,4.810775252525253,20,,0.21761735311420516,0.17284278160800315,0.2616627501141552,20,,23.8
pond,lake,max_depth,ntp_ge_0.50,ground_truth,ntp,0.5,m,99,3.875,8.91,98,23,2.513577612863327,1.6101656359513503,3.722868171511029,,0.2220693121445501,0.12431749812754449,0.29436667288038176,,3.9101522366522365,2.6442958668315817,4.893451453308597,20,,0.21930720585657495,0.16945788893283886,0.26835120258038087,20,,23.65
pond,lake,max_depth,ntp_ge_0.60,ground_truth,ntp,0.6,m,99,3.875,8.91,95,23,2.12518341307815,1.377378335991494,3.015106618819776,,0.20836784990822388,0.14017279013574913,0.3203948538457228,,3.8788673046251985,2.7280120414673052,4.998320255183413,20,,0.2194579259839906,0.16529877121085218,0.2715624483619124,20,,23.45
pond,lake,max_depth,ntp_ge_0.70,ground_truth,ntp,0.7,m,99,3.875,8.91,92,23,2.1786330698287224,1.3868019323671505,3.17380201471234,,0.21471382440857312,0.16257191779115943,0.2902306383740898,,3.8709721673254287,2.611476531620554,5.086274374176546,20,,0.2194106478315183,0.16427243999576516,0.2714050421317626,20,,23.3
pond,lake,max_depth,ntp_ge_0.80,ground_truth,ntp,0.8,m,99,3.875,8.91,91,23,2.23027306027306,1.2758495115995117,3.300239565989566,,0.2200718117350537,0.1483055067443095,0.3517752220301531,,3.880654345654345,2.5074125041625033,5.007053280053279,20,,0.22030200333108935,0.16711678965890714,0.27817686060767566,20,,23.25
pond,lake,max_depth,ntp_ge_0.90,ground_truth,ntp,0.9,m,99,3.875,8.91,89,23,2.2342254000680972,1.1267547383951881,2.901936357961639,,0.21758915771303777,0.14385681288835556,0.32347199963326423,,3.920085631596867,2.5488737090001132,5.125452076949267,20,,0.22165324154195126,0.1637390791697835,0.27971875764459087,20,,23.2
pond,lake,max_depth,probe_ge_0.00,ground_truth,probe,0.0,m,99,3.875,8.91,200,26,3.8082909090909087,2.9823662752525255,5.054560328282829,,0.21284929693677684,0.17573200116719512,0.3330072586739092,,3.8082909090909096,3.8082909090909087,3.8082909090909087,20,,0.21284929693677684,0.21284929693677684,0.21284929693677684,20,,26.0
pond,lake,max_depth,probe_ge_0.10,ground_truth,probe,0.1,m,99,3.875,8.91,198,26,3.7815656565656566,3.1304343434343433,5.273786616161616,,0.21106826421477362,0.16093980162374025,0.2846460392388567,,3.816646464646465,3.651439393939394,3.867044191919192,20,,0.2127152930011958,0.20645898602054397,0.2177724143863649,20,,26.0
pond,lake,max_depth,probe_ge_0.20,ground_truth,probe,0.2,m,99,3.875,8.91,191,26,3.835373631603998,2.9121803638479036,4.988113570257548,,0.21207110847656788,0.16448627962828227,0.33149867315965087,,3.8614917764027714,3.591066820032789,4.059818023163572,20,,0.2155557298538254,0.20370174732030802,0.23223245890073782,20,,25.95
pond,lake,max_depth,probe_ge_0.30,ground_truth,probe,0.3,m,99,3.875,8.91,188,26,3.8772512357618742,2.843852218998496,4.753489321405545,,0.21158784200478384,0.14587095574229927,0.2995364165270903,,3.8371847732645605,3.549412140017193,4.109767287234042,20,,0.21511116938877167,0.19930931375511488,0.2346815986729745,20,,25.9
pond,lake,max_depth,probe_ge_0.40,ground_truth,probe,0.4,m,99,3.875,8.91,167,26,3.807557007197725,2.7781240246779175,5.018399942539164,,0.21643794924983184,0.15497338423552867,0.3264275912440263,,3.868195578539889,3.2395700417347126,4.358164897477772,20,,0.21785559268102245,0.18903608179324782,0.24879617947098095,20,,25.55
pond,lake,max_depth,probe_ge_0.50,ground_truth,probe,0.5,m,99,3.875,8.91,143,24,4.008197358197358,2.960140637140638,5.634626651126649,,0.20913443410001314,0.16680742602152926,0.31321147550948625,,3.8822684537684538,2.9074434731934735,4.718423659673658,20,,0.21856406821946547,0.17777127019603686,0.2672536483663922,20,,25.25
pond,lake,max_depth,probe_ge_0.60,ground_truth,probe,0.6,m,99,3.875,8.91,120,24,3.375563131313132,2.1906702651515157,4.649428282828282,,0.18978434271411504,0.14719861739831044,0.3138936277338109,,4.069909217171718,3.1867633838383838,5.236368939393939,20,,0.22952400874619064,0.18541896331844182,0.3019095755866841,20,,24.6
pond,lake,max_depth,probe_ge_0.70,ground_truth,probe,0.7,m,99,3.875,8.91,92,19,3.3047397891963106,2.040849939613527,5.357441342775581,,0.19771893454077777,0.16830050411251793,0.2852309532477003,,3.999094642072903,2.9199940985946427,5.4107554622310055,20,,0.2242889367572118,0.16528814704158443,0.3148786540728957,20,,23.65
pond,lake,max_depth,probe_ge_0.80,ground_truth,probe,0.8,m,99,3.875,8.91,59,14,2.3889042972093817,1.4626677794898133,3.332206557096387,,0.18292388392116724,0.1364591643222649,0.2815854922670461,,4.086908406094846,2.3068855076185577,6.2079412771785645,20,,0.23786525921488208,0.15337563574720697,0.3358127210967027,20,,21.6
pond,lake,max_depth,probe_ge_0.90,ground_truth,probe,0.9,m,99,3.875,8.91,16,8,3.0423484848484845,1.1911180555555556,5.377683396464646,,0.252378052107193,0.14807279327115788,0.40334104235261536,,3.990633522727273,1.162810132575758,6.951707702020202,20,,0.2539988156180367,0.15472001952889636,0.3931645552409074,20,,10.45
pond,lake,ph,valid,ground_truth,,,,73,0.8574999999999999,4.799999999999999,94,16,0.5822777615855436,0.3944272442436608,0.7984586855144272,,,,,n/a,,,,0,,,,,0,,
pond,lake,ph,ntp_ge_0.00,ground_truth,ntp,0.0,,73,0.8574999999999999,4.799999999999999,106,17,0.7225407081933315,0.43335794132850874,1.0292879943137758,,,,,n/a,0.7225407081933316,0.7225407081933315,0.7225407081933315,20,,,,,0,n/a,17.0
pond,lake,ph,ntp_ge_0.10,ground_truth,ntp,0.1,,73,0.8574999999999999,4.799999999999999,106,17,0.7225407081933315,0.4280240372189196,0.9292859265960193,,,,,n/a,0.7225407081933316,0.7225407081933315,0.7225407081933315,20,,,,,0,n/a,17.0
pond,lake,ph,ntp_ge_0.20,ground_truth,ntp,0.2,,73,0.8574999999999999,4.799999999999999,38,12,0.9404434030281182,0.3884835976928623,1.4191915104542172,,,,,n/a,0.6947577505407353,0.4156955659697189,0.8689579127613555,20,,,,,0,n/a,12.85
pond,lake,ph,ntp_ge_0.30,ground_truth,ntp,0.3,,73,0.8574999999999999,4.799999999999999,27,10,1.1075291730086247,0.6249733637747337,1.4968909183155756,,,,,n/a,0.6586555048198883,0.38609398782343995,0.9562111872146117,20,,,,,0,n/a,11.05
pond,lake,ph,ntp_ge_0.40,ground_truth,ntp,0.4,,73,0.8574999999999999,4.799999999999999,26,10,1.1608482613277133,0.6813275816649105,1.437483008429926,,,,,n/a,0.6657199683877767,0.3899155690200211,0.9871207850368809,20,,,,,0,n/a,11.05
pond,lake,ph,ntp_ge_0.50,ground_truth,ntp,0.5,,73,0.8574999999999999,4.799999999999999,26,10,1.1608482613277133,0.7416653055848261,1.5760187038988402,,,,,n/a,0.6657199683877767,0.3899155690200211,0.9871207850368809,20,,,,,0,n/a,11.05
pond,lake,ph,ntp_ge_0.60,ground_truth,ntp,0.6,,73,0.8574999999999999,4.799999999999999,23,10,0.983406789755807,0.461563132817153,1.4197245384157233,,,,,n/a,0.695491661703395,0.42306089934484814,0.9308981536628944,20,,,,,0,n/a,10.4
pond,lake,ph,ntp_ge_0.70,ground_truth,ntp,0.7,,73,0.8574999999999999,4.799999999999999,21,10,0.8893281148075668,0.5351265492498368,1.3991348662752765,,,,,n/a,0.6980208741030657,0.3999448793215918,0.9832741356816699,20,,,,,0,n/a,9.9
pond,lake,ph,ntp_ge_0.80,ground_truth,ntp,0.8,,73,0.8574999999999999,4.799999999999999,18,9,0.8228995433789953,0.3360789573820395,1.4539189497716891,,,,,n/a,0.7241263318112633,0.3664478691019788,1.064144596651446,20,,,,,0,n/a,9.1
pond,lake,ph,ntp_ge_0.90,ground_truth,ntp,0.9,,73,0.8574999999999999,4.799999999999999,17,9,0.8700564061240933,0.377101128122482,1.554924456083803,,,,,n/a,0.701732070910556,0.3442852538275586,1.0318360193392424,20,,,,,0,n/a,8.85
pond,lake,ph,probe_ge_0.00,ground_truth,probe,0.0,,73,0.8574999999999999,4.799999999999999,106,17,0.7225407081933315,0.411635112432153,0.9904335422589815,,,,,n/a,0.7225407081933316,0.7225407081933315,0.7225407081933315,20,,,,,0,n/a,17.0
pond,lake,ph,probe_ge_0.10,ground_truth,probe,0.1,,73,0.8574999999999999,4.799999999999999,104,16,0.7387671232876711,0.5520465292413066,1.0672172681770287,,,,,n/a,0.7231180848261328,0.7000291425184405,0.7421877963645943,20,,,,,0,n/a,17.0
pond,lake,ph,probe_ge_0.20,ground_truth,probe,0.2,,73,0.8574999999999999,4.799999999999999,102,16,0.73406124093473,0.44783628793983343,1.0728878256782162,,,,,n/a,0.7263063389739457,0.6851666330915928,0.7568921232876712,20,,,,,0,n/a,16.9
pond,lake,ph,probe_ge_0.30,ground_truth,probe,0.3,,73,0.8574999999999999,4.799999999999999,99,16,0.7091711636917115,0.40419963331949627,1.0773325377058252,,,,,n/a,0.7213188736681888,0.6495802546008025,0.771666113186661,20,,,,,0,n/a,16.85
pond,lake,ph,probe_ge_0.40,ground_truth,probe,0.4,,73,0.8574999999999999,4.799999999999999,97,16,0.6478392882361248,0.37333190933483973,0.8551110012710067,,,,,n/a,0.7198434543143624,0.6614191851433412,0.7755532057618979,20,,,,,0,n/a,16.8
pond,lake,ph,probe_ge_0.50,ground_truth,probe,0.5,,73,0.8574999999999999,4.799999999999999,89,16,0.5259581345236263,0.35939910728028324,0.8640083884869937,,,,,n/a,0.728760658765584,0.5966716176696938,0.8240283592427273,20,,,,,0,n/a,16.7
pond,lake,ph,probe_ge_0.60,ground_truth,probe,0.6,,73,0.8574999999999999,4.799999999999999,80,16,0.5342465753424658,0.37230603595890416,0.7788787243150682,,,,,n/a,0.7184839897260276,0.5793234160958904,0.8393801797945205,20,,,,,0,n/a,16.3
pond,lake,ph,probe_ge_0.70,ground_truth,probe,0.7,,73,0.8574999999999999,4.799999999999999,70,13,0.39759295499021524,0.23794872798434435,0.7628007827788646,,,,,n/a,0.7464286692759294,0.5599158512720156,0.8910064579256358,20,,,,,0,n/a,15.8
pond,lake,ph,probe_ge_0.80,ground_truth,probe,0.8,,73,0.8574999999999999,4.799999999999999,45,10,0.4765875190258751,0.31932442922374427,0.6942215372907152,,,,,n/a,0.7276946727549467,0.4828208523592085,0.9602136225266362,20,,,,,0,n/a,14.15
pond,lake,ph,probe_ge_0.90,ground_truth,probe,0.9,,73,0.8574999999999999,4.799999999999999,22,7,0.6330323785803239,0.3339657534246576,1.0582084371108342,,,,,n/a,0.8130532378580323,0.3941788605230386,1.2669523661270234,20,,,,,0,n/a,10.65
