Dataset type,Judge model,Train dataset,Test dataset,Type,N,Label rate,Platt N,Recalibration,Accuracy,Precision,Recall,F1,AUROC,ECE,ECE_lo,ECE_hi,ECE_em,ECE_em_lo,ECE_em_hi,RMSCE_db,RMSCE_db_lo,RMSCE_db_hi,SmECE,SmECE_lo,SmECE_hi,Validity
syn,qwen-2.5-7b,pond,pond,NTP,3080,0.5,,,0.7525974025974026,0.9523255813953488,0.5318181818181819,0.6825000000000001,0.9342768595041322,0.091511481625428,0.07770412546664242,0.10623716965554948,0.20967034476486293,0.19835432753895554,0.22302352154918198,0.2553399525916556,0.24479794038694005,0.2682705539780855,0.05647963542032894,0.04813984565021774,0.06481942519044014,0.9523255813953488
syn,qwen-2.5-7b,pond,nfix,NTP,728,0.5,,,0.5934065934065934,0.7982456140350878,0.25,0.3807531380753138,0.7626456647747857,0.08328357271862998,0.05035050123427231,0.11910020933659422,0.1723259753845451,0.139401859043283,0.20754192574389793,0.18188963754943382,0.1561457429405577,0.22522819265712105,0.08188747766410448,0.053635381778390265,0.1101395735498187,0.7982456140350878
syn,qwen-2.5-7b,pond,supermat,NTP,956,0.5,,,0.7175732217573222,1.0,0.4351464435146444,0.6064139941690962,0.9339734948617846,0.050529857159739115,0.027441606065660047,0.07742589605890314,0.22652521178691357,0.20564862914970833,0.250811154170203,0.28243095943791247,0.26228968766556865,0.3030370931098676,0.03673762553667536,0.023020697835305158,0.05045455323804556,1.0
syn,qwen-2.5-7b,nfix,pond,NTP,3080,0.5,,,0.7496753246753247,0.9550295857988166,0.5240259740259741,0.6767295597484277,0.9342768595041322,0.12684355126713984,0.11245019529883277,0.14193320185323427,0.2606979002890014,0.24708644474596728,0.2719448143269606,0.2898019364613519,0.2804510665287934,0.30144687204142373,0.09855021673245334,0.0887880641523962,0.10831236931251048,0.9550295857988166
syn,qwen-2.5-7b,nfix,nfix,NTP,728,0.5,,,0.5906593406593407,0.7946428571428571,0.2445054945054945,0.3739495798319328,0.7626456647747857,0.007149799938259562,0.00827840059118047,0.048921885990172526,0.16660733419386484,0.1431395445298104,0.20397521494423826,0.1816988029822658,0.15500794865007966,0.22153190418695862,0.02611214321892607,0.009327099128228163,0.042897187309623976,0.7946428571428571
syn,qwen-2.5-7b,nfix,supermat,NTP,956,0.5,,,0.7123430962343096,1.0,0.4246861924686193,0.5961820851688694,0.9339734948617846,0.10227122463388222,0.0741009620582943,0.12951115859172266,0.2727292309369839,0.25494017846299594,0.2978007877284582,0.3067981746534668,0.2894890612711786,0.32612648396137944,0.08651815688586165,0.06758707538785498,0.10544923838386831,1.0
syn,qwen-2.5-7b,supermat,pond,NTP,3080,0.5,,,0.7769480519480519,0.9465968586387434,0.587012987012987,0.7246492985971943,0.9342768595041322,0.12297033005721571,0.10933940690589397,0.13671782223009493,0.19573593778707146,0.1844800132672248,0.20904516031264728,0.2455297642547735,0.23568893116853043,0.2577186504517201,0.0782799128346979,0.06906785020619698,0.08749197546319883,0.9465968586387434
syn,qwen-2.5-7b,supermat,nfix,NTP,728,0.5,,,0.614010989010989,0.816793893129771,0.29395604395604397,0.4323232323232324,0.7626456647747857,0.07452987996066944,0.06101508048298636,0.11179813815576552,0.15730514176652885,0.1320937369471374,0.19557703930729683,0.16546506742679462,0.14413005390624872,0.2104806018047573,0.06918556180258474,0.03987011082266537,0.09850101278250412,0.816793893129771
syn,qwen-2.5-7b,supermat,supermat,NTP,956,0.5,,,0.7395397489539749,0.9956709956709957,0.4811715481171548,0.6488011283497884,0.9339734948617846,0.06650091734120234,0.038587330876904,0.0918819564526833,0.21568839006328736,0.19508434211299777,0.23970822095736963,0.2685009109886733,0.24849673347299653,0.2922227623054894,0.04897638832022767,0.028914483751826064,0.06903829288862928,0.9956709956709957
real,qwen-2.5-7b,pond,pond,NTP,4725,0.5411640211640212,100.0,platt_fit,0.6988359788359788,0.7940871369294605,0.5987485334376222,0.6827201783723523,0.8044141543292633,0.04217456723368738,0.03351100796048809,0.056144030894812576,0.12431537310027167,0.11227739621724442,0.13699080643118922,0.14540256787608719,0.13400152774586388,0.15860636573714096,0.0430826158505404,0.03660140151531581,0.04956383018576499,0.7940871369294605
real,qwen-2.5-7b,pond,nfix,NTP,2906,0.3165863730213352,100.0,platt_fit,0.7532690984170681,0.6904315196998124,0.4,0.5065381968341363,0.7433939752178291,0.017059744679723234,0.008762204761994921,0.03247397402612945,0.06683125952607008,0.0556051813155285,0.08308659183826009,0.07813481644763574,0.06795826682909131,0.09576625738378962,0.020441453397136686,0.010445603365024387,0.030437303429248986,0.6904315196998124
real,qwen-2.5-7b,pond,supermat,NTP,1867,0.4756293519014462,100.0,platt_fit,0.7348687734333155,0.8700564971751412,0.5202702702702703,0.6511627906976745,0.8388621640026134,0.025774901788346356,0.022777451590882677,0.04887090634734617,0.12709219041864686,0.11167037529260498,0.15122371468651263,0.14769318321191754,0.13132228288568873,0.17196763775645996,0.037673654957881844,0.024803640543134012,0.050543669372629677,0.8700564971751412
real,qwen-2.5-7b,nfix,pond,NTP,4725,0.5411640211640212,100.0,platt_fit,0.6967195767195767,0.7973544973544974,0.5893625342197888,0.6777602878344952,0.8044141543292633,0.043813293200535564,0.034915279413823504,0.05765854934198505,0.12423447507585549,0.11247021057215155,0.13706390410859226,0.14634818092115193,0.13503122376309573,0.15952977505141827,0.043067208817530914,0.03673167108338022,0.04940274655168161,0.7973544973544974
real,qwen-2.5-7b,nfix,nfix,NTP,2906,0.3165863730213352,100.0,platt_fit,0.7532690984170681,0.6904315196998124,0.4,0.5065381968341363,0.7433939752178291,0.017095609056892627,0.008508682938542582,0.03295865341851703,0.06607232970254244,0.05557639416368876,0.08275194537013088,0.07851814874738278,0.06831391196457337,0.09605044948418202,0.020018092781506677,0.009339211682084618,0.030696973880928735,0.6904315196998124
real,qwen-2.5-7b,nfix,supermat,NTP,1867,0.4756293519014462,100.0,platt_fit,0.7316550615961436,0.869980879541109,0.5123873873873874,0.6449326718639263,0.8388621640026134,0.02948263676523052,0.023829629684339684,0.05053289345050814,0.12915895310091907,0.11287325551310423,0.1515367129617657,0.14837038297113295,0.1322964182118954,0.17225062318401507,0.03782455498408923,0.02407834540511515,0.05157076456306331,0.869980879541109
real,qwen-2.5-7b,supermat,pond,NTP,4725,0.5411640211640212,100.0,platt_fit,0.6988359788359788,0.7940871369294605,0.5987485334376222,0.6827201783723523,0.8044141543292633,0.04526639123269793,0.035763243228530237,0.05890967905470224,0.12360450428426976,0.11166543309965436,0.1363933698871433,0.14494973506174744,0.13361222052123148,0.15820460944825426,0.04472070821489759,0.038360958900305664,0.05108045752948952,0.7940871369294605
real,qwen-2.5-7b,supermat,nfix,NTP,2906,0.3165863730213352,100.0,platt_fit,0.7532690984170681,0.6904315196998124,0.4,0.5065381968341363,0.7433939752178291,0.015165201705127997,0.007900169927966971,0.03106794686105441,0.06531419698400613,0.054822464010078814,0.08164684872644752,0.07706629933708982,0.06679085561213673,0.09477138022522227,0.020852411217042042,0.012514819288800622,0.02919000314528346,0.6904315196998124
real,qwen-2.5-7b,supermat,supermat,NTP,1867,0.4756293519014462,100.0,platt_fit,0.7348687734333155,0.8700564971751412,0.5202702702702703,0.6511627906976745,0.8388621640026134,0.029848199637870245,0.024931675133085966,0.05099009831750497,0.1271454035631937,0.11147425405649748,0.1506972927362423,0.14706857109348428,0.13069677635563917,0.17126516957112956,0.03897947812687235,0.026591083654017897,0.051367872599726805,0.8700564971751412
