Dataset type,Judge model,Train dataset,Test dataset,Type,N,Label rate,Assumed pi_te,Accuracy,Precision,Recall,F1,AUROC,ECE,ECE_lo,ECE_hi,ECE_em,ECE_em_lo,ECE_em_hi,RMSCE_db,RMSCE_db_lo,RMSCE_db_hi,SmECE,SmECE_lo,SmECE_hi,Validity
syn,qwen-2.5-7b,pond,pond,Probe,3080,0.5,,0.8827922077922078,0.8523610280932457,0.925974025974026,0.8876439464674758,0.9507189239332098,0.05137724229398676,0.046536275681791625,0.06382832702718733,0.053345360733217925,0.04439174202341754,0.06387155125906621,0.061206514675545665,0.052169170863664585,0.07482290152267136,0.05076895907228567,0.04197373579428747,0.05956418235028388,0.8523610280932457
syn,qwen-2.5-7b,pond,nfix,Probe,728,0.5,,0.7184065934065934,0.7539936102236422,0.6483516483516484,0.6971935007385525,0.7906578311798091,0.08968338384401477,0.06631512468346397,0.1237440219029302,0.09022477018324236,0.06874807084385849,0.12588915890115926,0.09849209680513973,0.07188984385281122,0.14218633557569718,0.08752599608901986,0.06165736255649057,0.11339462962154914,0.7539936102236422
syn,qwen-2.5-7b,pond,supermat,Probe,956,0.5,,0.8786610878661087,0.8867521367521367,0.8682008368200836,0.8773784355179703,0.9396544178148143,0.07224388289692421,0.06131881585392165,0.09605859072550547,0.07096129811317617,0.057077817150700434,0.09149432057528281,0.07734073320183814,0.058676925492722624,0.1055815115198527,0.07104467112302883,0.05642633371196279,0.08566300853409486,0.8867521367521367
syn,qwen-2.5-7b,nfix,pond,Probe,3080,0.5,,0.7344155844155844,0.8832271762208068,0.5402597402597402,0.6704270749395649,0.8823857311519651,0.14901971431544006,0.13536431730737955,0.16293021422577764,0.149075889068216,0.13682063347116238,0.1638435149914493,0.18161382903272838,0.16641382979134228,0.19757677560068834,0.1485094145213324,0.13584708228359685,0.16117174675906795,0.8832271762208068
syn,qwen-2.5-7b,nfix,nfix,Probe,728,0.5,,0.695054945054945,0.8034188034188035,0.5164835164835165,0.6287625418060201,0.8163114358169302,0.13538273991407768,0.10814477585774519,0.1661935295265194,0.13860858285520575,0.11359380910979211,0.17455957385722562,0.1446768626635771,0.1193085626585217,0.1874801347973713,0.1350954202392458,0.10636886023298692,0.1638219802455047,0.8034188034188035
syn,qwen-2.5-7b,nfix,supermat,Probe,956,0.5,,0.7813807531380753,0.9752650176678446,0.5774058577405857,0.7253613666228648,0.9076478002836085,0.15839429307491454,0.1367209084961809,0.1822999770797058,0.1583942930749146,0.14153819171496745,0.18422013320649833,0.20649015160491105,0.18747872112925731,0.23068034886931585,0.15784740716829482,0.13037012265072917,0.18532469168586047,0.9752650176678446
syn,qwen-2.5-7b,supermat,pond,Probe,3080,0.5,,0.813961038961039,0.7986411365040148,0.8396103896103896,0.818613485280152,0.897069488952606,0.045391345834003845,0.03860986853291533,0.060403594231437194,0.04284836255920412,0.035835949380595304,0.058022142292917696,0.052187074331730116,0.040587916425965945,0.06841720619792226,0.04438052683388045,0.03386530981630201,0.054895743851458886,0.7986411365040148
syn,qwen-2.5-7b,supermat,nfix,Probe,728,0.5,,0.6085164835164835,0.564437194127243,0.9505494505494505,0.7082906857727738,0.7192971863301534,0.2868573422888284,0.2570095060814043,0.3225382125465929,0.28585323303359556,0.25552256653052324,0.320481878775835,0.3046809078518823,0.2732527191564435,0.34237185190544783,0.2858702158730944,0.2530417651493115,0.31869866659687734,0.564437194127243
syn,qwen-2.5-7b,supermat,supermat,Probe,956,0.5,,0.9497907949790795,0.9694323144104804,0.9288702928870293,0.9487179487179487,0.9891283415906584,0.06416020700980529,0.05558957705613008,0.07688584961087229,0.0637636045567146,0.05144607043619524,0.07650980334411017,0.07064177023911535,0.055698505305602025,0.09079599274443031,0.0631852860651678,0.05318294365887427,0.07318762847146132,0.9694323144104804
real,qwen-2.5-7b,pond,pond,Probe,4725,0.5652910052910053,0.4,0.7164021164021164,0.7399927875946628,0.7682515911643579,0.7538574577516532,0.795605783493741,0.04158394469749586,0.034143906604302963,0.05557922268443614,0.042593636480098895,0.033799558910720694,0.05662836040839475,0.04592090112019315,0.03686701587209246,0.06431695023341184,0.0381168121913357,0.02899174433180552,0.047241880050865874,0.7399927875946628
real,qwen-2.5-7b,pond,nfix,Probe,5804,0.3607856650585803,0.25,0.6498966230186078,0.514378478664193,0.5296084049665711,0.5218823529411765,0.6909035442040794,0.08752211323879862,0.07676055249668033,0.09941300302817815,0.09028012278213711,0.0781996216127924,0.10223119382307203,0.10001747143515977,0.08891316779700457,0.11482125288444398,0.08046352239061026,0.07031167637582056,0.09061536840539997,0.514378478664193
real,qwen-2.5-7b,pond,supermat,Probe,4085,0.30966952264381886,0.25,0.6364749082007344,0.45589414595028066,0.8988142292490119,0.6049481245011971,0.7833881366860092,0.2825893643662974,0.2698283122041501,0.29611838865871565,0.28258936436629734,0.26982831220415004,0.2961183886587156,0.29983846552585436,0.28567743391100536,0.31485142829373985,0.2825815629350156,0.2711323640155544,0.29403076185447674,0.45589414595028066
real,qwen-2.5-7b,nfix,pond,Probe,11018,0.5458340896714468,0.4,0.6788890905790524,0.7748667850799289,0.5803126039241769,0.6636242631679026,0.7828938379060636,0.12883055116681583,0.12079375481905578,0.13700664107221328,0.1313660602294931,0.12292702877184815,0.13902690916543886,0.15274159441806734,0.14457349780637258,0.16223912531809093,0.12401081095083374,0.11740267576542435,0.13061894613624314,0.7748667850799289
real,qwen-2.5-7b,nfix,nfix,Probe,2906,0.3513420509291122,0.25,0.663799036476256,0.5385964912280702,0.3006856023506366,0.38592080452545563,0.7271188334108392,0.0924818364087085,0.07653512022736968,0.10940239352402109,0.09172573853551945,0.07720745733717418,0.10922250417495882,0.10626340421201884,0.09122792894208259,0.128250863922996,0.07772409153432472,0.06424975743051395,0.09119842563813549,0.5385964912280702
real,qwen-2.5-7b,nfix,supermat,Probe,4085,0.30966952264381886,0.25,0.639657282741738,0.42350332594235035,0.45296442687747035,0.43773873185637896,0.6553145235892692,0.10514934807730512,0.09446820039088091,0.12072947158927443,0.10824152065635573,0.0975637033321729,0.12396564521947931,0.162390276637558,0.1471255383074567,0.17925248728659154,0.10056370468350158,0.09022278173790073,0.11090462762910243,0.42350332594235035
real,qwen-2.5-7b,supermat,pond,Probe,11018,0.5458340896714468,0.4,0.5933926302414231,0.5966969238527483,0.7869970069837047,0.6787609350351356,0.6642379810817127,0.21946831515462573,0.2112893319178546,0.22901681460299816,0.21527112113345476,0.20811174422885714,0.22585136064690306,0.23751688688091246,0.22841004951971824,0.2467124767140131,0.19185459590472198,0.18565580393168368,0.19805338787776028,0.5966969238527483
real,qwen-2.5-7b,supermat,nfix,Probe,5804,0.3607856650585803,0.25,0.43470020675396276,0.3875307940117491,0.9765998089780324,0.5548772215438883,0.6245884145949021,0.4653274435745366,0.45352604676687164,0.4781455600378955,0.4653274435745366,0.4534005808040464,0.47811027049058413,0.4747248452167999,0.46266925847091334,0.48805341230092986,0.4653663273531455,0.45095270232018536,0.4797799523861056,0.3875307940117491
real,qwen-2.5-7b,supermat,supermat,Probe,1867,0.36957686127477235,0.25,0.6261381896089984,0.49700598802395207,0.9623188405797102,0.6554787759131293,0.7968884291923707,0.3161984325673728,0.29637850121736775,0.33639231838565753,0.3161984325673728,0.29637850121736775,0.3363708909173972,0.3360138298318191,0.3160710280247846,0.3592718621139864,0.3163080388304644,0.29649604789623607,0.3361200297646927,0.49700598802395207
