Train dataset,Test dataset,Type,Trial,Platt N,coef,intercept,Platt label rate,Pool N,Test N,Test label rate,SmECE
pond,pond,Probe,0,10,0.7810420295529434,-0.2682352571206192,0.5,6293,4725,0.5305820105820106,0.0278761117502443
pond,pond,NTP,0,10,0.5124212820884374,-1.1630347704371653,0.5,6293,4725,0.5305820105820106,0.11490180298889915
pond,pond,Probe,0,20,0.8004300193983408,-0.8408923279220812,0.35,6293,4725,0.5305820105820106,0.08797223746179139
pond,pond,NTP,0,20,0.7903631041370086,-2.0128723347562034,0.35,6293,4725,0.5305820105820106,0.1914893986698885
pond,pond,Probe,1,10,1.3505521704837131,-0.17416595475658903,0.6,6293,4725,0.5305820105820106,0.11197190526392546
pond,pond,NTP,1,10,0.19062969801005758,-0.12875222700800418,0.6,6293,4725,0.5305820105820106,0.08083636786550942
pond,pond,Probe,1,20,1.687657292580037,0.45044059955555105,0.7,6293,4725,0.5305820105820106,0.17637521735487058
pond,pond,NTP,1,20,0.22202619745256016,0.4088170634452705,0.7,6293,4725,0.5305820105820106,0.13441690636321252
pond,pond,Probe,2,10,11.312293003940807,-15.566653225156225,0.3,6293,4725,0.5305820105820106,0.2868177133594867
pond,pond,NTP,2,10,5.130628825220809,-11.946062771570087,0.3,6293,4725,0.5305820105820106,0.3146314875400496
pond,pond,Probe,2,20,0.5272275053164565,-1.17861110900665,0.3,6293,4725,0.5305820105820106,0.20454986449865672
pond,pond,NTP,2,20,0.38528787929038544,-1.2734359270981377,0.3,6293,4725,0.5305820105820106,0.17373118474630303
pond,nfix,Probe,0,10,0.30607091693543076,-1.5469268145007449,0.2,2898,2906,0.3041982105987612,0.09320831488339869
pond,nfix,NTP,0,10,0.15945916108632643,-1.654520348141172,0.2,2898,2906,0.3041982105987612,0.1235773702818985
pond,nfix,Probe,0,20,0.6791808212434614,-1.6636595691619573,0.25,2898,2906,0.3041982105987612,0.052467997737674694
pond,nfix,NTP,0,20,0.5150949359328292,-2.3603250795325326,0.25,2898,2906,0.3041982105987612,0.14273849487832224
pond,nfix,Probe,1,10,4.924604269589398,-9.78415436137034,0.1,2898,2906,0.3041982105987612,0.22644827192618697
pond,nfix,NTP,1,10,0.7884324277162291,-3.9188059729759264,0.1,2898,2906,0.3041982105987612,0.20401813413558106
pond,nfix,Probe,1,20,0.44628414626164914,-1.8549177597914082,0.15,2898,2906,0.3041982105987612,0.12059754016415172
pond,nfix,NTP,1,20,0.5083175281173824,-2.9715155091836785,0.15,2898,2906,0.3041982105987612,0.19940775139073666
pond,nfix,Probe,2,10,0.8495497923211425,-1.7790181050801417,0.3,2898,2906,0.3041982105987612,0.04762383955584351
pond,nfix,NTP,2,10,0.17790451857272002,-1.2571193301888097,0.3,2898,2906,0.3041982105987612,0.058198132755855385
pond,nfix,Probe,2,20,0.9444847925887049,-2.2993406201542568,0.2,2898,2906,0.3041982105987612,0.10573361215374896
pond,nfix,NTP,2,20,0.3407881218539222,-2.136196146452552,0.2,2898,2906,0.3041982105987612,0.15382490575116525
pond,supermat,Probe,0,20,0.5338803161169634,-2.749164831135697,0.15,2218,1867,0.48527048741296197,0.32144616090303335
pond,supermat,NTP,0,20,1.1509007478210225,-1.5654648994858378,0.15,2218,1867,0.48527048741296197,0.1798803540083299
pond,supermat,Probe,1,10,0.23886813327033163,-1.09659848617089,0.3,2218,1867,0.48527048741296197,0.14964676186626164
pond,supermat,NTP,1,10,83.14887724967451,41.73808574718316,0.3,2218,1867,0.48527048741296197,0.16821128196082566
pond,supermat,Probe,1,20,0.5688339587664696,-1.066812613091949,0.45,2218,1867,0.48527048741296197,0.07779123615344172
pond,supermat,NTP,1,20,74.72529526743445,37.61462551906064,0.45,2218,1867,0.48527048741296197,0.142062085030099
pond,supermat,Probe,2,10,1.2078108630931512,-4.311107594640443,0.3,2218,1867,0.48527048741296197,0.2930966862623425
pond,supermat,NTP,2,10,0.3749277314209986,-1.3150173145134323,0.3,2218,1867,0.48527048741296197,0.1986394718963673
pond,supermat,Probe,2,20,0.9522877965839703,-3.133490803594819,0.25,2218,1867,0.48527048741296197,0.23074288997518502
pond,supermat,NTP,2,20,0.3659226160320795,-1.2533264650619151,0.25,2218,1867,0.48527048741296197,0.18980744550791984
nfix,pond,Probe,0,10,1.335070083458142,-0.3083575185021259,0.5,6293,4725,0.5305820105820106,0.10209483254746315
nfix,pond,NTP,0,10,1.3096465486207993,-1.1487502804444132,0.5,6293,4725,0.5305820105820106,0.11643642665632913
nfix,pond,Probe,0,20,1.460162866611044,-0.812138669620152,0.35,6293,4725,0.5305820105820106,0.15484962228988275
nfix,pond,NTP,0,20,2.019486918474382,-1.9869126630770904,0.35,6293,4725,0.5305820105820106,0.19316492533530363
nfix,pond,Probe,1,10,0.3152366967991322,0.4733041293326386,0.6,6293,4725,0.5305820105820106,0.09161523329011903
nfix,pond,NTP,1,10,0.4741671750391779,-0.10659912692703351,0.6,6293,4725,0.5305820105820106,0.0816814917748841
nfix,pond,Probe,1,20,0.5387910311890215,1.080429600284723,0.7,6293,4725,0.5305820105820106,0.20008423016331073
nfix,pond,NTP,1,20,0.5558158013131379,0.42643554451938637,0.7,6293,4725,0.5305820105820106,0.13522389877408414
nfix,pond,Probe,2,10,1.4629630666007467,-2.067522224692358,0.3,6293,4725,0.5305820105820106,0.3078238133816555
nfix,pond,NTP,2,10,9.60071428956139,-9.724468865352865,0.3,6293,4725,0.5305820105820106,0.31283987374316097
nfix,pond,Probe,2,20,0.41575020424250886,-0.8619914472566633,0.3,6293,4725,0.5305820105820106,0.2170442089349511
nfix,pond,NTP,2,20,0.9962676062826245,-1.2618263485289802,0.3,6293,4725,0.5305820105820106,0.17309332797099047
nfix,nfix,Probe,0,10,323.8509828945858,-379.86544535481386,0.2,2898,2906,0.3041982105987612,0.3003245319329217
nfix,nfix,NTP,0,10,0.4109062974716593,-1.651372179937724,0.2,2898,2906,0.3041982105987612,0.12401196549533773
nfix,nfix,Probe,0,20,1.0675017563314486,-1.5861942490532033,0.25,2898,2906,0.3041982105987612,0.09379273292087541
nfix,nfix,NTP,0,20,1.3185906122159892,-2.341984971011209,0.25,2898,2906,0.3041982105987612,0.14325192037067636
nfix,nfix,Probe,1,10,9.807266312722176,-23.115447771940577,0.1,2898,2906,0.3041982105987612,0.30313699097518554
nfix,nfix,NTP,1,10,2.010211828034312,-3.885924542379706,0.1,2898,2906,0.3041982105987612,0.20445708044528957
nfix,nfix,Probe,1,20,0.9232673376688731,-2.3561630133765554,0.15,2898,2906,0.3041982105987612,0.17883545984139623
nfix,nfix,NTP,1,20,1.2820325312499343,-2.9305105695553664,0.15,2898,2906,0.3041982105987612,0.1993580514830662
nfix,nfix,Probe,2,10,1.5579619403205691,-2.1053298002066474,0.3,2898,2906,0.3041982105987612,0.12984654382551983
nfix,nfix,NTP,2,10,0.45475397602656853,-1.2515289520431612,0.3,2898,2906,0.3041982105987612,0.05813873752257003
nfix,nfix,Probe,2,20,1.0446126632639106,-2.2047870770636013,0.2,2898,2906,0.3041982105987612,0.1551730035862448
nfix,nfix,NTP,2,20,0.8718111725525233,-2.1236540991470365,0.2,2898,2906,0.3041982105987612,0.1541780798156818
nfix,supermat,Probe,0,20,-0.10490265069300499,-1.6352539678952789,0.15,2218,1867,0.48527048741296197,0.32367088200886374
nfix,supermat,NTP,0,20,3.0185179050721955,-1.5125276146489206,0.15,2218,1867,0.48527048741296197,0.18133947964995137
nfix,supermat,Probe,1,10,5.252827164995088,-5.76746764515186,0.3,2218,1867,0.48527048741296197,0.3342638286261388
nfix,supermat,NTP,1,10,246.3757396586497,51.41667859404523,0.3,2218,1867,0.48527048741296197,0.16815525113769256
nfix,supermat,Probe,1,20,1.3261322501726596,-1.0164695588076023,0.45,2218,1867,0.48527048741296197,0.13979501863939017
nfix,supermat,NTP,1,20,221.9757230153915,46.43403076064228,0.45,2218,1867,0.48527048741296197,0.1420306022274924
nfix,supermat,Probe,2,10,0.839114910000224,-1.5034345940212506,0.3,2218,1867,0.48527048741296197,0.24223375239556413
nfix,supermat,NTP,2,10,0.9315406904452631,-1.2782586231129671,0.3,2218,1867,0.48527048741296197,0.19705634955308532
nfix,supermat,Probe,2,20,0.4222118960373279,-1.3963724394112504,0.25,2218,1867,0.48527048741296197,0.2644999437800852
nfix,supermat,NTP,2,20,0.916252083327051,-1.232563442903799,0.25,2218,1867,0.48527048741296197,0.19024839697673637
supermat,pond,Probe,0,10,0.4556853363020714,-0.915303225761069,0.5,6293,4725,0.5305820105820106,0.040028097880444063
supermat,pond,NTP,0,10,0.2066616366333731,-1.3352447039375646,0.5,6293,4725,0.5305820105820106,0.11595262693886026
supermat,pond,Probe,0,20,0.4188025217443277,-1.2563392200474197,0.35,6293,4725,0.5305820105820106,0.09895615517744633
supermat,pond,NTP,0,20,0.31853639112056437,-2.270615268061183,0.35,6293,4725,0.5305820105820106,0.19240577481466797
supermat,pond,Probe,1,10,-0.12381395021348421,0.6382405123379399,0.6,6293,4725,0.5305820105820106,0.1030101242142605
supermat,pond,NTP,1,10,0.07491699289134757,-0.17467010740431235,0.6,6293,4725,0.5305820105820106,0.08213598845816232
supermat,pond,Probe,1,20,-0.057408158068469994,0.9413763001312689,0.7,6293,4725,0.5305820105820106,0.16179522545526123
supermat,pond,NTP,1,20,0.0880336484389743,0.345883657874069,0.7,6293,4725,0.5305820105820106,0.1354367200929033
supermat,pond,Probe,2,10,1.2006418105256593,-3.678415001429608,0.3,6293,4725,0.5305820105820106,0.1952216605822908
supermat,pond,NTP,2,10,1.9828357911983272,-13.833098892478558,0.3,6293,4725,0.5305820105820106,0.3138238722881876
supermat,pond,Probe,2,20,0.7427507812630004,-2.4081901058385706,0.3,6293,4725,0.5305820105820106,0.15882545445816024
supermat,pond,NTP,2,20,0.1566894665627776,-1.4036296411503586,0.3,6293,4725,0.5305820105820106,0.17326274310182033
supermat,nfix,Probe,0,10,0.4338164903646051,-2.8287316179011954,0.2,2898,2906,0.3041982105987612,0.07233551495707179
supermat,nfix,NTP,0,10,0.06561727169734045,-1.7130805014037311,0.2,2898,2906,0.3041982105987612,0.12381516412586971
supermat,nfix,Probe,0,20,0.5305673635345667,-2.9115341058412585,0.25,2898,2906,0.3041982105987612,0.04875044036325576
supermat,nfix,NTP,0,20,0.20868158516597293,-2.535184763739407,0.25,2898,2906,0.3041982105987612,0.14304208730771542
supermat,nfix,Probe,1,10,0.3141016235300599,-2.9825059309421555,0.1,2898,2906,0.3041982105987612,0.16266665790374088
supermat,nfix,NTP,1,10,0.31370729716550616,-4.132737451846704,0.1,2898,2906,0.3041982105987612,0.20412535991012093
supermat,nfix,Probe,1,20,0.3550308762236027,-2.81469140281794,0.15,2898,2906,0.3041982105987612,0.11909418290947481
supermat,nfix,NTP,1,20,0.20055997031306808,-3.0970334571110283,0.15,2898,2906,0.3041982105987612,0.19886464948609078
supermat,nfix,Probe,2,10,0.5525989755947102,-2.809659737620277,0.3,2898,2906,0.3041982105987612,0.06217627595099218
supermat,nfix,NTP,2,10,0.07173709939120575,-1.3156989002376043,0.3,2898,2906,0.3041982105987612,0.058576732739605314
supermat,nfix,Probe,2,20,0.5126515899060506,-3.1266228302256627,0.2,2898,2906,0.3041982105987612,0.06956128940716107
supermat,nfix,NTP,2,20,0.13757484797930963,-2.2454422421227793,0.2,2898,2906,0.3041982105987612,0.15354442014302377
supermat,supermat,Probe,0,20,1.366642852737989,-5.599293842807917,0.15,2218,1867,0.48527048741296197,0.21289877956181935
supermat,supermat,NTP,0,20,0.44884650949430016,-1.958773471384826,0.15,2218,1867,0.48527048741296197,0.17997526481830325
supermat,supermat,Probe,1,10,0.5449144760047033,-1.7873515774160464,0.3,2218,1867,0.48527048741296197,0.07025759459577846
supermat,supermat,NTP,1,10,26.330917297766586,10.688401563703868,0.3,2218,1867,0.48527048741296197,0.16811324879092132
supermat,supermat,Probe,1,20,0.615686932848949,-1.7030061310302107,0.45,2218,1867,0.48527048741296197,0.03771430447825118
supermat,supermat,NTP,1,20,23.753680003922828,9.752560023025364,0.45,2218,1867,0.48527048741296197,0.14214033017998332
supermat,supermat,Probe,2,10,2.676511683464853,-12.071213911006678,0.3,2218,1867,0.48527048741296197,0.321625662444886
supermat,supermat,NTP,2,10,0.14983012460846662,-1.4285982665476349,0.3,2218,1867,0.48527048741296197,0.19817270084825606
supermat,supermat,Probe,2,20,0.8125512807851532,-3.719182291281659,0.25,2218,1867,0.48527048741296197,0.22834067229086907
supermat,supermat,NTP,2,20,0.14750932023199928,-1.3723784109125117,0.25,2218,1867,0.48527048741296197,0.1899091933116888
