Dataset type,Judge model,Train dataset,Test dataset,Type,Accuracy,Precision,Recall,F1,AUROC,ECE,ECE_lo,ECE_hi,ECE_em,ECE_em_lo,ECE_em_hi,RMSCE_db,RMSCE_db_lo,RMSCE_db_hi,SmECE,SmECE_lo,SmECE_hi,Validity
syn,qwen-2.5-7b,pond,pond,NTP,0.7525974025974026,0.9523255813953488,0.5318181818181819,0.6825000000000001,0.9342768595041322,0.091511481625428,0.07770412546664242,0.10623716965554948,0.20967034476486293,0.19835432753895554,0.22302352154918198,0.2553399525916556,0.24479794038694005,0.2682705539780855,0.05647963542032894,0.04813984565021774,0.06481942519044014,0.9523255813953488
syn,qwen-2.5-7b,pond,pond,Probe,0.8827922077922078,0.8523610280932457,0.925974025974026,0.8876439464674758,0.9507189239332098,0.05137724229398676,0.046536275681791625,0.06382832702718733,0.053345360733217925,0.04439174202341754,0.06387155125906621,0.061206514675545665,0.052169170863664585,0.07482290152267136,0.05076895907228567,0.04197373579428747,0.05956418235028388,0.8523610280932457
syn,qwen-2.5-7b,pond,nfix+supermat,NTP,0.663895486935867,0.9285714285714286,0.35510688836104515,0.513745704467354,0.85668101624342,0.03093670977507199,0.024683582288123326,0.053600612001874375,0.17239479689753834,0.1588280479171738,0.19657862607360224,0.2172347982196462,0.19850785961274264,0.23977450499302308,0.03301565596505524,0.0168656226905486,0.04916568923956188,0.9285714285714286
syn,qwen-2.5-7b,pond,nfix+supermat,Probe,0.8093824228028503,0.8335467349551856,0.7731591448931117,0.8022181146025879,0.8803183236384359,0.04504692952532612,0.03586481464761465,0.06564538057548629,0.047839529205729564,0.035115091236351106,0.06688723810662134,0.044826818756344186,0.03054576586708753,0.07276019917655661,0.043084581544688666,0.030626657832407533,0.0555425052569698,0.8335467349551856
syn,qwen-2.5-7b,nfix,nfix,NTP,0.5906593406593407,0.7946428571428571,0.2445054945054945,0.3739495798319328,0.7626456647747857,0.007149799938259562,0.00827840059118047,0.048921885990172526,0.16660733419386484,0.1431395445298104,0.20397521494423826,0.1816988029822658,0.15500794865007966,0.22153190418695862,0.02611214321892607,0.009327099128228163,0.042897187309623976,0.7946428571428571
syn,qwen-2.5-7b,nfix,nfix,Probe,0.695054945054945,0.8034188034188035,0.5164835164835165,0.6287625418060201,0.8163114358169302,0.13538273991407768,0.10814477585774519,0.1661935295265194,0.13860858285520575,0.11359380910979211,0.17455957385722562,0.1446768626635771,0.1193085626585217,0.1874801347973713,0.1350954202392458,0.10636886023298692,0.1638219802455047,0.8034188034188035
syn,qwen-2.5-7b,nfix,pond+supermat,NTP,0.740832507433102,0.9637404580152672,0.5004955401387512,0.6588388780169602,0.925133781103861,0.12102314882378151,0.10853114021145605,0.13374290754804175,0.2538039105027385,0.24333143093095044,0.2650423676148477,0.28358924453653916,0.27469049561795156,0.29378348744093075,0.09569307149761755,0.08629189789637796,0.10509424509885713,0.9637404580152672
syn,qwen-2.5-7b,nfix,pond+supermat,Probe,0.7455401387512388,0.9044897959183673,0.5490584737363726,0.6833179155103299,0.8885096077816991,0.1512402537837398,0.13927058071578993,0.163184126903814,0.1512402537837398,0.13961932640650762,0.16324955008396388,0.18500578111270571,0.17206699272468093,0.1988250871845334,0.15072165263836712,0.13837461736690623,0.163068687909828,0.9044897959183673
syn,qwen-2.5-7b,supermat,supermat,NTP,0.7395397489539749,0.9956709956709957,0.4811715481171548,0.6488011283497884,0.9339734948617846,0.06650091734120234,0.038587330876904,0.0918819564526833,0.21568839006328736,0.19508434211299777,0.23970822095736963,0.2685009109886733,0.24849673347299653,0.2922227623054894,0.04897638832022767,0.028914483751826064,0.06903829288862928,0.9956709956709957
syn,qwen-2.5-7b,supermat,supermat,Probe,0.9497907949790795,0.9694323144104804,0.9288702928870293,0.9487179487179487,0.9891283415906584,0.06416020700980529,0.05558957705613008,0.07688584961087229,0.0637636045567146,0.05144607043619524,0.07650980334411017,0.07064177023911535,0.055698505305602025,0.09079599274443031,0.0631852860651678,0.05318294365887427,0.07318762847146132,0.9694323144104804
syn,qwen-2.5-7b,supermat,pond+nfix,NTP,0.7457983193277311,0.930939226519337,0.5309873949579832,0.6762541806020067,0.9060629766612527,0.11191215972554154,0.09980190973008392,0.12531389660388587,0.18920433724945793,0.17925028324799983,0.20536020437247243,0.22755164443796136,0.21708747072050563,0.2403369361604286,0.06727319016763449,0.06025986951504507,0.0742865108202239,0.930939226519337
syn,qwen-2.5-7b,supermat,pond+nfix,Probe,0.7746848739495799,0.7343189964157706,0.8608193277310925,0.7925531914893617,0.852082744862651,0.0877544813219143,0.07827929310307226,0.10175530663963002,0.0877544813219144,0.0767145303885264,0.10091236564893052,0.09640240231489201,0.08624740228571848,0.11263467753706802,0.08785360110748616,0.07630234526765199,0.09940485694732033,0.7343189964157706
real,qwen-2.5-7b,pond,pond,NTP,0.6895238095238095,0.8052738336713996,0.5945338824410333,0.6840404910618135,0.7993268241930622,0.11913155051836888,0.1073345780256108,0.13281567618659657,0.1676786733692373,0.153727578533764,0.17910325352056886,0.1826973037248212,0.1688288259866777,0.1963773872720576,0.11652050608944348,0.10513992954658377,0.12790108263230318,0.8052738336713996
real,qwen-2.5-7b,pond,pond,Probe,0.7164021164021164,0.7399927875946628,0.7682515911643579,0.7538574577516532,0.795605783493741,0.04158394469749586,0.034143906604302963,0.05557922268443614,0.042593636480098895,0.033799558910720694,0.05662836040839475,0.04592090112019315,0.03686701587209246,0.06431695023341184,0.0381168121913357,0.02899174433180552,0.047241880050865874,0.7399927875946628
real,qwen-2.5-7b,pond,nfix+supermat,NTP,0.7370816058246537,0.6264578473842053,0.5596903840428699,0.5911949685534592,0.7856996836457288,0.15352829129466283,0.14520950626497084,0.16240793328404624,0.15658450741382318,0.15024752863656293,0.16597453776968574,0.20058220488925446,0.19223535834183592,0.2103328506894432,0.14806847427939046,0.13710824093890442,0.1590287076198765,0.6264578473842053
real,qwen-2.5-7b,pond,nfix+supermat,Probe,0.5628476084538376,0.4272562632055539,0.8428103602262578,0.5670505758637957,0.7052120494550309,0.2623198009608002,0.253533062476469,0.27148024154463285,0.2615694440327613,0.2526005906415571,0.2706619682157041,0.28600012192457347,0.27663102732611883,0.29592589624968846,0.2616208301399737,0.2519944838790804,0.27124717640086704,0.4272562632055539
real,qwen-2.5-7b,nfix,nfix,NTP,0.7112869924294563,0.6346153846153846,0.4201762977473066,0.5055981143193873,0.7184720342307562,0.10435471067741839,0.08786851991966188,0.1203923543110706,0.10591875889532806,0.09454383907290333,0.1241310376754528,0.13043355647626534,0.11833497190261515,0.1466008475445643,0.10435778510962027,0.08797124802154915,0.12074432219769138,0.6346153846153846
real,qwen-2.5-7b,nfix,nfix,Probe,0.6655196145905025,0.5198059822150364,0.6297747306562194,0.5695305580159433,0.7271188334108392,0.08282879387449615,0.07087162761773473,0.10120377346901195,0.08531371009251104,0.07247598628460741,0.10297485467503113,0.12014171558280581,0.1024073717069095,0.14155317602914558,0.08112644363982065,0.06778749081021686,0.09446539646942444,0.5198059822150364
real,qwen-2.5-7b,nfix,pond+supermat,NTP,0.7033039793418526,0.7982942430703625,0.5143563676329166,0.6256161751190575,0.8239659741262017,0.037918628111093027,0.030636740190865326,0.04506534235177101,0.14452016829669542,0.13825684801976565,0.15141892653194425,0.17342759765209795,0.16798242573184852,0.17966755041886365,0.034225465367626745,0.0300525877914102,0.03839834294384329,0.7982942430703625
real,qwen-2.5-7b,nfix,pond+supermat,Probe,0.6570217837515725,0.6595227238182094,0.5960983651600494,0.6262086881223841,0.7229885812507673,0.09636036789015714,0.08938532536584466,0.10385786511352965,0.09678573191019056,0.08908568395027552,0.10361828142198311,0.11291016889951354,0.10528225206999028,0.12059223276426767,0.0911771467202213,0.0858639299940536,0.096490363446389,0.6595227238182094
real,qwen-2.5-7b,supermat,supermat,NTP,0.7878950187466524,0.7643884892086331,0.6159420289855072,0.682182985553772,0.8497586593279401,0.14669392749170862,0.1287640687926364,0.16542604739374536,0.15327613880010918,0.13599560756092707,0.17605656837606437,0.1749951271944236,0.15894068360948665,0.1996034524482261,0.12443709240061684,0.10510281374248151,0.14377137105875218,0.7643884892086331
real,qwen-2.5-7b,supermat,supermat,Probe,0.566148901981789,0.45918367346938777,0.9782608695652174,0.625,0.7968884291923707,0.39103557967344477,0.37163683221617105,0.41118443120635184,0.39103557967344477,0.3716368322161711,0.4111844312063518,0.40862335107159625,0.38898422740721506,0.43105798455690886,0.3915046776079918,0.37222086787090003,0.41078848734508355,0.45918367346938777
real,qwen-2.5-7b,supermat,pond+nfix,NTP,0.6737011056949234,0.6886615761417663,0.5895411938825851,0.6352581566881521,0.7602406317219261,0.12292451592647302,0.11832393426828013,0.1307228948741374,0.1909793539938756,0.18392606118950422,0.19756569647942795,0.20997593995499803,0.2029523931372096,0.21730091284872194,0.10083570522878588,0.09449599652368526,0.1071754139338865,0.6886615761417663
real,qwen-2.5-7b,supermat,pond+nfix,Probe,0.5268101295922006,0.5054945054945055,0.8396645288603848,0.6310715609936967,0.6070286472307123,0.3208329367986208,0.3130795711713394,0.32862233157669674,0.3169944574819468,0.3091446581944344,0.32428249214849775,0.3407542365792588,0.3330915953994866,0.3484954368645431,0.29328879123920465,0.28573193963733134,0.30084564284107795,0.5054945054945055
