Dataset type,Judge model,Train dataset,Test dataset,Type,N,N docs,Label rate,Prior source,pi_te,Intercept,Mean prob,Doc resamples,Accuracy,Precision,Recall,F1,AUROC,SmECE,SmECE_lo,SmECE_hi,ECE,ECE_lo,ECE_hi,ECE_em,ECE_em_lo,ECE_em_hi,RMSCE_db,RMSCE_db_lo,RMSCE_db_hi,Validity,Curve sigma
syn,qwen-2.5-7b,pond,pond,Probe,3080,66,0.5,,,,0.5287939012142306,20,0.8827922077922078,0.8523610280932457,0.925974025974026,0.8876439464674758,0.9507189239332098,0.05076895907228567,0.043047548655835544,0.07433643427407459,0.05137724229398676,0.04662259154117077,0.07895047789849988,0.053345360733217925,0.04156234940168193,0.07860992548281971,0.061206514675545665,0.04563595325359893,0.10229838868809442,0.8523610280932457,0.05078125
syn,qwen-2.5-7b,pond,nfix,Probe,728,45,0.5,,,,0.418298278967816,20,0.7184065934065934,0.7539936102236422,0.6483516483516484,0.6971935007385525,0.7906578311798091,0.08752599608901986,0.04994008626695782,0.13604495224107144,0.08968338384401477,0.05301361563033505,0.1453253989573588,0.09022477018324236,0.060171606593833915,0.13754733401713917,0.09849209680513973,0.04813785435942551,0.17557760992258967,0.7539936102236422,0.087890625
syn,qwen-2.5-7b,pond,supermat,Probe,956,88,0.5,,,,0.5290122882303284,20,0.8786610878661087,0.8867521367521367,0.8682008368200836,0.8773784355179703,0.9396544178148143,0.07104467112302883,0.060912178553315745,0.09476264464649639,0.07224388289692421,0.07188444134897425,0.10328680628063924,0.07096129811317617,0.061991503326684724,0.10162526160937115,0.07734073320183814,0.06561180373595091,0.11901757638926797,0.8867521367521367,0.0712890625
syn,qwen-2.5-7b,nfix,pond,Probe,3080,66,0.5,,,,0.3509802856845599,20,0.7344155844155844,0.8832271762208068,0.5402597402597402,0.6704270749395649,0.8823857311519651,0.1485094145213324,0.11735687708447462,0.16711672614568227,0.14901971431544006,0.1178280801416998,0.16758475521514124,0.149075889068216,0.12193739274183803,0.17018942360662087,0.18161382903272838,0.14425102325786193,0.201833231528764,0.8832271762208068,0.1494140625
syn,qwen-2.5-7b,nfix,nfix,Probe,728,45,0.5,,,,0.3646172600859224,20,0.695054945054945,0.8034188034188035,0.5164835164835165,0.6287625418060201,0.8163114358169302,0.1350954202392458,0.09874113908964453,0.1930591369018721,0.13538273991407768,0.10975438454789643,0.19337548194316495,0.13860858285520575,0.10951801658924246,0.19424637219313054,0.1446768626635771,0.11381321702272115,0.22001544939996026,0.8034188034188035,0.1357421875
syn,qwen-2.5-7b,nfix,supermat,Probe,956,88,0.5,,,,0.3416057069250854,20,0.7813807531380753,0.9752650176678446,0.5774058577405857,0.7253613666228648,0.9076478002836085,0.15784740716829482,0.13268820673607823,0.1895423139404328,0.15839429307491454,0.13891787679861897,0.19010400957930523,0.1583942930749146,0.14160544235794417,0.19478538352382582,0.20649015160491105,0.18749271028617281,0.2439789792714517,0.9752650176678446,0.158203125
syn,qwen-2.5-7b,supermat,pond,Probe,3080,66,0.5,,,,0.5409311400082443,20,0.813961038961039,0.7986411365040148,0.8396103896103896,0.818613485280152,0.897069488952606,0.04438052683388045,0.02926841369497313,0.09364743762112288,0.045391345834003845,0.030158157021019642,0.09389099167205461,0.04284836255920412,0.029822346120256565,0.09389099167205464,0.052187074331730116,0.03135237241672528,0.1131190044028832,0.7986411365040148,0.044921875
syn,qwen-2.5-7b,supermat,nfix,Probe,728,45,0.5,,,,0.7858532330335954,20,0.6085164835164835,0.564437194127243,0.9505494505494505,0.7082906857727738,0.7192971863301534,0.2858702158730944,0.2291845711613549,0.3428617662615155,0.2868573422888284,0.25256702788404434,0.34286453171382725,0.28585323303359556,0.24636541616883056,0.34286453171382714,0.3046809078518823,0.2640796340569445,0.3653870625429609,0.564437194127243,0.2861328125
syn,qwen-2.5-7b,supermat,supermat,Probe,956,88,0.5,,,,0.507012944932089,20,0.9497907949790795,0.9694323144104804,0.9288702928870293,0.9487179487179487,0.9891283415906584,0.0631852860651678,0.05574015608137964,0.07590293774983417,0.06416020700980529,0.05847772725705213,0.08099078295763829,0.0637636045567146,0.05568143877874962,0.07753475383893471,0.07064177023911535,0.05956770635134886,0.0913095659630191,0.9694323144104804,0.0634765625
real,qwen-2.5-7b,pond,pond,Probe,4725,65,0.5411640211640212,sample,0.41,-0.3580469494416451,0.5540013339823752,20,0.7070899470899471,0.7084962673302524,0.7794290183809152,0.7422718808193668,0.7846098799763908,0.0482355482333373,0.03755661731720942,0.08320277077743557,0.05003956032424127,0.04011626783831246,0.08541304641358505,0.04831200135311948,0.040289487073356,0.08630436872005594,0.05586266771897211,0.04222763255655199,0.11272900440890396,0.7084962673302524,0.048828125
real,qwen-2.5-7b,pond,nfix,Probe,2906,41,0.3165863730213352,sample,0.25,-1.0926938609083432,0.4204085891170198,20,0.657604955264969,0.4656907593778591,0.5532608695652174,0.505712866368604,0.6815179079644469,0.11302192624851037,0.08151533540683555,0.16791676215050624,0.12071127330799192,0.09431932195993807,0.18238266634611092,0.12174878376233811,0.09292294916410995,0.18076128430241764,0.13872201347817878,0.11002171383605704,0.19911937749230038,0.4656907593778591,0.11328125
real,qwen-2.5-7b,pond,supermat,Probe,1867,85,0.4756293519014462,sample,0.26,-1.040050127422921,0.6089548499620155,20,0.7188002142474558,0.6498761354252683,0.8862612612612613,0.7498808956646023,0.8217442416880618,0.13312530979473372,0.07470423707349035,0.17810413726279098,0.13332549806056931,0.07867064925559733,0.18132790879450372,0.13332549806056923,0.07647547391219076,0.17855172474276682,0.145195647415944,0.08586912903131044,0.19690524498760228,0.6498761354252683,0.1337890625
real,qwen-2.5-7b,nfix,pond,Probe,4725,65,0.5411640211640212,sample,0.41,-0.3488564967766096,0.4473421483088639,20,0.6647619047619048,0.7465788139888495,0.5760657019945248,0.6503311258278146,0.7521337310068447,0.09517699806521193,0.044570916317335355,0.14878896421057947,0.09612388454753205,0.047617941470026216,0.15605552704861483,0.09589028202539886,0.04937761595625449,0.15898198681194314,0.10883623275086447,0.06009128870798891,0.18075116393620716,0.7465788139888495,0.095703125
real,qwen-2.5-7b,nfix,nfix,Probe,2906,41,0.3165863730213352,sample,0.25,-1.0835034082433077,0.30644921745343856,20,0.6875430144528561,0.5105263157894737,0.31630434782608696,0.3906040268456376,0.7215437409693944,0.05311537148168883,0.03805549256931429,0.10152674750290804,0.06185554597512283,0.04346787916534299,0.11592246520849712,0.06180248586202301,0.043014554696030494,0.11573831308843015,0.08497742702416444,0.04774511587721955,0.13257687720577802,0.5105263157894737,0.0537109375
real,qwen-2.5-7b,nfix,supermat,Probe,1867,85,0.4756293519014462,sample,0.26,-1.0308596747578855,0.33779814612095777,20,0.6159614354579539,0.6777546777546778,0.36711711711711714,0.4762600438276114,0.7352694880784768,0.13869137652472768,0.06249935186569366,0.22340833566892263,0.1465341019238831,0.07407798257355179,0.22995570578817975,0.13831927341977965,0.06823510716723852,0.2266543328299743,0.17027248064697642,0.08873862809786764,0.27940046142701447,0.6777546777546778,0.1396484375
real,qwen-2.5-7b,supermat,pond,Probe,4725,65,0.5411640211640212,sample,0.41,-0.36396537720141175,0.7590442954787207,20,0.6361904761904762,0.6082687338501293,0.9206100899491592,0.7325346195736735,0.7010529845716916,0.21804740852293295,0.12754035006055903,0.28432503156227845,0.22127270647989836,0.13555876594662541,0.2888273050692863,0.2189471304043685,0.13163385615700537,0.2847201296801006,0.2408587410182759,0.14637476369437485,0.31099607477943203,0.6082687338501293,0.21875
real,qwen-2.5-7b,supermat,nfix,Probe,2906,41,0.3165863730213352,sample,0.25,-1.0986122886681098,0.8600073672303763,20,0.35168616655196144,0.32611832611832614,0.9826086956521739,0.4897074756229686,0.5965650860370418,0.5434474024620549,0.40718738372147895,0.6774656825588878,0.5434209942090412,0.4071387300426279,0.6774598192136567,0.5434209942090411,0.4071387300426279,0.6774598192136566,0.5542350521318421,0.4342458233806661,0.6895508835364433,0.32611832611832614,0.5439453125
real,qwen-2.5-7b,supermat,supermat,Probe,1867,85,0.4756293519014462,sample,0.26,-1.0459685551826876,0.6917599737167445,20,0.7000535618639528,0.6222056631892697,0.9403153153153153,0.7488789237668162,0.7991434999861967,0.21623217356577853,0.158359827735789,0.2617739762146852,0.2161306218152984,0.16430793343232994,0.26153838371566657,0.21613062181529835,0.15843806227300097,0.2615383837156665,0.22891562205651023,0.17777101103503834,0.2858733647897846,0.6222056631892697,0.216796875
