Train dataset,Test dataset,Method,Prior source,pi_te,Train prevalence,coef,intercept,N test,Test label rate,Raw mean prob,Shifted mean prob
pond,pond,probe,sample,0.41,0.4985203973789896,1.0,-0.3580469494416451,4725,0.5411640211640212,0.6122193887542825,0.5540013339823752
pond,pond,ntp,sample,0.41,0.4985203973789896,1.0,-0.3580469494416451,4725,0.5411640211640212,0.6224662767541258,0.5701516600196004
pond,nfix,probe,sample,0.25,0.4985203973789896,1.0,-1.0926938609083432,2906,0.3165863730213352,0.6331056315678161,0.4204085891170198
pond,nfix,ntp,sample,0.25,0.4985203973789896,1.0,-1.0926938609083432,2906,0.3165863730213352,0.5337724836471479,0.35673397925859207
pond,supermat,probe,sample,0.26,0.4985203973789896,1.0,-1.040050127422921,1867,0.4756293519014462,0.7606002792377878,0.6089548499620155
pond,supermat,ntp,sample,0.26,0.4985203973789896,1.0,-1.040050127422921,1867,0.4756293519014462,0.5380726808518205,0.37864149238565203
nfix,pond,probe,sample,0.41,0.4962228517469311,1.0,-0.3488564967766096,4725,0.5411640211640212,0.5123243942316501,0.4473421483088639
nfix,pond,ntp,sample,0.41,0.4962228517469311,1.0,-0.3488564967766096,4725,0.5411640211640212,0.6066225845877952,0.5360908034570011
nfix,nfix,probe,sample,0.25,0.4962228517469311,1.0,-1.0835034082433077,2906,0.3165863730213352,0.5067679310665171,0.30644921745343856
nfix,nfix,ntp,sample,0.25,0.4962228517469311,1.0,-1.0835034082433077,2906,0.3165863730213352,0.541901714451921,0.3155166100316416
nfix,supermat,probe,sample,0.26,0.4962228517469311,1.0,-1.0308596747578855,1867,0.4756293519014462,0.5295306130185569,0.33779814612095777
nfix,supermat,ntp,sample,0.26,0.4962228517469311,1.0,-1.0308596747578855,1867,0.4756293519014462,0.5505828808083727,0.3376541627281622
supermat,pond,probe,sample,0.41,0.5,1.0,-0.36396537720141175,4725,0.5411640211640212,0.7991384867647046,0.7590442954787207
supermat,pond,ntp,sample,0.41,0.5,1.0,-0.36396537720141175,4725,0.5411640211640212,0.6556844180595292,0.6067228448890376
supermat,nfix,probe,sample,0.25,0.5,1.0,-1.0986122886681098,2906,0.3165863730213352,0.9358298941524168,0.8600073672303763
supermat,nfix,ntp,sample,0.25,0.5,1.0,-1.0986122886681098,2906,0.3165863730213352,0.5825190445990553,0.4136456486513596
supermat,supermat,probe,sample,0.26,0.5,1.0,-1.0459685551826876,1867,0.4756293519014462,0.800190496838382,0.6917599737167445
supermat,supermat,ntp,sample,0.26,0.5,1.0,-1.0459685551826876,1867,0.4756293519014462,0.5642170439009893,0.41274651437147086
