Train dataset,Test dataset,Type,Platt N,Recalibration,Fit samples,Fit draws,Doc resamples,Pool N,Test N,Test docs,Test label rate,Fit label rate,SmECE,SmECE_lo,SmECE_hi,ECE,ECE_lo,ECE_hi,ECE_em,ECE_em_lo,ECE_em_hi,RMSCE_db,RMSCE_db_lo,RMSCE_db_hi
pond,pond,Probe,10,intercept_fit,100,101,100,6293,4725,65,0.5411640211640212,0.4149999999999999,0.15113891068344504,0.03876507856118293,0.3661320358805468,0.15243965140610313,0.04229989932754278,0.36625462573938317,0.15198512094392538,0.043136875925737436,0.3660340685828702,0.16197527195492323,0.04995701115117465,0.3856691878725239
pond,pond,NTP,10,intercept_fit,100,101,100,6293,4725,65,0.5411640211640212,0.4149999999999999,0.1787112002920147,0.07664220720722882,0.31089115090167485,0.18544587988017683,0.08074553688530886,0.31612939303011367,0.1970996697409906,0.12657275646069283,0.3162903683544981,0.23889894045564827,0.15233839688238263,0.3802902704022394
pond,pond,Probe,50,intercept_fit,100,100,100,6293,4725,65,0.5411640211640212,0.439,0.10679768814312418,0.03712592926768528,0.2857426923313149,0.10853093135580826,0.03981381925607814,0.2858308936880462,0.10762112843272281,0.0416058050857224,0.28560877991127254,0.11683117943479882,0.04709220946644014,0.30050072420147056
pond,pond,NTP,50,intercept_fit,100,100,100,6293,4725,65,0.5411640211640212,0.439,0.15370098730760057,0.0740487413794925,0.24631569134721976,0.15986475804133018,0.07798480698260224,0.2597128775926043,0.17996743346787075,0.12178634358690699,0.25687978604645345,0.2139257063531263,0.1477908918983945,0.32266244016707035
pond,pond,Probe,100,intercept_fit,100,100,100,6293,4725,65,0.5411640211640212,0.43170000000000003,0.10879320521186266,0.037053260563531074,0.27647369205751243,0.11036536075903967,0.039839248416339824,0.2764709940206676,0.1100519492687128,0.04108554137844073,0.27647099402066766,0.1184983487991379,0.04693233254656898,0.29103323289174693
pond,pond,NTP,100,intercept_fit,100,100,100,6293,4725,65,0.5411640211640212,0.43170000000000003,0.15308748365854974,0.07528745724334339,0.24707461959586677,0.15899643061508364,0.0793910626860923,0.2606024370978781,0.17956154626799617,0.12191483136765342,0.25464818509617987,0.2128974127899905,0.1477489555674152,0.32210805833396705
pond,pond,Probe,250,intercept_fit,100,100,100,6293,4725,65,0.5411640211640212,0.44795999999999997,0.10052744849425337,0.03754915466154549,0.23179674328118824,0.10203569875109825,0.040262465462902054,0.23210913539763722,0.10134682381420891,0.041604466580144266,0.23195458190621807,0.10991453197387636,0.04780028069383223,0.24737612874396422
pond,pond,NTP,250,intercept_fit,100,100,100,6293,4725,65,0.5411640211640212,0.44795999999999997,0.15003806143302634,0.07464271287446318,0.2319268737499813,0.15712895748371758,0.0824067409716603,0.24630476362743373,0.17655129435843306,0.12337440538481712,0.24129210477193316,0.20893534522943472,0.14896330943923508,0.3047816365348921
pond,pond,Probe,500,intercept_fit,100,100,100,6293,4725,65,0.5411640211640212,0.43862,0.10135654443871704,0.03745059238506091,0.23359613314869798,0.10293967857432083,0.04012443595651049,0.23378223912145374,0.10237079010839129,0.04202659033651805,0.23363362561290202,0.11076799854130696,0.0482938129011552,0.24963824148162755
pond,pond,NTP,500,intercept_fit,100,100,100,6293,4725,65,0.5411640211640212,0.43862,0.15290281873832146,0.0764947520908305,0.2290351930786264,0.1594610161639101,0.08185734136950917,0.2436719416403371,0.17755465662193323,0.12409493199348226,0.2396438871914774,0.2102977194613551,0.14979366153115564,0.30288937097588015
pond,pond,Probe,1000,intercept_fit,100,100,100,6293,4725,65,0.5411640211640212,0.4423100000000001,0.10037461454032737,0.03710562778754084,0.23285735725343104,0.10185795071922067,0.03992182989744026,0.2329933185899292,0.1014786769227157,0.041459492659882365,0.23296855290948357,0.10977675385367366,0.04747346787883297,0.24821761456281097
pond,pond,NTP,1000,intercept_fit,100,100,100,6293,4725,65,0.5411640211640212,0.4423100000000001,0.15033822529207272,0.07559607705973187,0.2287387854160855,0.1560923349785526,0.07776302965760024,0.2435678065602014,0.17677053148774513,0.12290326064574544,0.23939746043878868,0.20868897415258553,0.1486661798411059,0.30181197019339645
pond,nfix,Probe,10,intercept_fit,100,103,100,2898,2906,41,0.3165863730213352,0.28400000000000003,0.14256913317886777,0.040551734340305345,0.3718317887014358,0.14594264871734788,0.04332651557928635,0.3747990472797337,0.14638247342333455,0.04758797067635905,0.37362613270598766,0.1584052362976356,0.05379350951366863,0.394068240193419
pond,nfix,NTP,10,intercept_fit,100,103,100,2898,2906,41,0.3165863730213352,0.28400000000000003,0.18589166504368482,0.08998693533723431,0.3331316673958707,0.18927864745985992,0.09318198240875726,0.33317415550980967,0.18950127281469964,0.10868878809465297,0.33317415550980967,0.2111479370410418,0.13353738213356148,0.36221888513592104
pond,nfix,Probe,50,intercept_fit,100,100,100,2898,2906,41,0.3165863730213352,0.26160000000000005,0.0971035665661635,0.039177777237865426,0.2640915402751514,0.10051573075528182,0.04055123249488993,0.26531561150358346,0.10144213682200079,0.04635982346584914,0.26434689538984796,0.10988719161503081,0.052143792621882644,0.27879558066563886
pond,nfix,NTP,50,intercept_fit,100,100,100,2898,2906,41,0.3165863730213352,0.26160000000000005,0.18461035335676623,0.11158140262638172,0.29346053264344857,0.18870850505747858,0.1157440932550421,0.2952831417588625,0.18583807033607166,0.11210816031203058,0.29427269081372087,0.2077906083787106,0.13260609963271497,0.334111950935804
pond,nfix,Probe,100,intercept_fit,100,100,100,2898,2906,41,0.3165863730213352,0.2656,0.08318940692401315,0.0383719890487289,0.23540860972397556,0.08687086155166109,0.04016121430645798,0.23979579345768962,0.08769037662140647,0.04464797712897096,0.23610518490874882,0.09515507679761694,0.04990310844588699,0.2532668930757946
pond,nfix,NTP,100,intercept_fit,100,100,100,2898,2906,41,0.3165863730213352,0.2656,0.18240504318556153,0.11281331554505962,0.276465135130927,0.1865339148437417,0.1181392435385353,0.2853050337663492,0.1831523661496304,0.11272703551893758,0.28363529301453044,0.20597648728242512,0.13206568440391275,0.32656451182080043
pond,nfix,Probe,250,intercept_fit,100,100,100,2898,2906,41,0.3165863730213352,0.26884,0.07652431496545621,0.03781964313805544,0.21633081606992446,0.08036864974921239,0.03939860200455519,0.219572506843378,0.08123206308938262,0.04391651244977968,0.21698975377471294,0.0886111356147705,0.049085243634389986,0.2344908173583833
pond,nfix,NTP,250,intercept_fit,100,100,100,2898,2906,41,0.3165863730213352,0.26884,0.18050043622192682,0.11425562060095065,0.26663871089777963,0.1855059551882191,0.11991419136921602,0.27701398907153296,0.18160053007015936,0.113764557975521,0.27574384859563955,0.20510582532236513,0.1314445744897155,0.32395783123351135
pond,nfix,Probe,500,intercept_fit,100,100,100,2898,2906,41,0.3165863730213352,0.27098,0.07743532356008985,0.03771953319262622,0.21587526782715125,0.08096741849284164,0.03869395163915273,0.21958479933636704,0.082280309404864,0.04367617324273233,0.21587415486699985,0.08999190450651512,0.049476864081688804,0.23261340764261682
pond,nfix,NTP,500,intercept_fit,100,100,100,2898,2906,41,0.3165863730213352,0.27098,0.1801745506925669,0.11464619874790553,0.2655995845573774,0.18538285440419558,0.11999399635879428,0.2770196102381931,0.18057588476436895,0.11374283386085118,0.2756809162961103,0.20457623856635063,0.13124332410910183,0.32289951042742265
pond,nfix,Probe,1000,intercept_fit,100,100,100,2898,2906,41,0.3165863730213352,0.26970000000000005,0.07693101493461539,0.03773302131633523,0.21696398275906792,0.08058525775732932,0.038923674397223884,0.21951208443473483,0.08194079654048968,0.04359832483721327,0.21698295637684312,0.08958079657147978,0.049460807384761635,0.23260698090440282
pond,nfix,NTP,1000,intercept_fit,100,100,100,2898,2906,41,0.3165863730213352,0.26970000000000005,0.18022041754629123,0.11483746671552719,0.2657365261780544,0.18542235023687517,0.12020158728304972,0.2769908169445348,0.1807404251364146,0.11401103632440417,0.27568756407117273,0.20480008547154482,0.1313312263600877,0.3233897909280025
pond,supermat,Probe,10,intercept_fit,100,101,100,2218,1867,85,0.4756293519014462,0.353,0.15333409220292432,0.03660001195332874,0.4016818336156938,0.15631843376036803,0.04067692573989973,0.4021518312146101,0.15591412515440026,0.042874386263084326,0.4009983784659783,0.17423652516916163,0.043671559250343356,0.4447101396248159
pond,supermat,NTP,10,intercept_fit,100,101,100,2218,1867,85,0.4756293519014462,0.353,0.1425178915964883,0.03745433406739827,0.328151973341258,0.14782479349374067,0.0387202146824072,0.32816671393816976,0.17524620360826348,0.10901425305002631,0.32861553769178525,0.21752200169631386,0.13777743844714338,0.3834408013809891
pond,supermat,Probe,50,intercept_fit,100,100,100,2218,1867,85,0.4756293519014462,0.3423999999999999,0.14999015734044024,0.04170683748498804,0.31806448166134754,0.1533394602238588,0.04863929028646304,0.32038808217766696,0.15159386460610824,0.050945508978930194,0.3180940962289094,0.17106285355807122,0.05630698112540077,0.3519530313910535
pond,supermat,NTP,50,intercept_fit,100,100,100,2218,1867,85,0.4756293519014462,0.3423999999999999,0.12372544950184994,0.037984441865730384,0.24634603508759087,0.12932504915674703,0.03870347317031061,0.25246168387547085,0.1585234396030197,0.10726691651077291,0.2578743908702649,0.1998484510099678,0.1370145267738896,0.318048967906815
pond,supermat,Probe,100,intercept_fit,100,100,100,2218,1867,85,0.4756293519014462,0.34020000000000006,0.15375834647013134,0.0443960543149013,0.29149829568565294,0.15724418167893964,0.052860213240356446,0.294371247809705,0.15477405802180283,0.05489975983700084,0.29162965826103293,0.1748945949145682,0.06257038366865052,0.32060859271496367
pond,supermat,NTP,100,intercept_fit,100,100,100,2218,1867,85,0.4756293519014462,0.34020000000000006,0.1175965701559415,0.03721385685174001,0.22461596075628798,0.12313817844253128,0.03966038875905026,0.23330810033986749,0.15340557316339445,0.10684725947456572,0.24176603220439305,0.19397091953544812,0.1374844773384093,0.29844663522633613
pond,supermat,Probe,250,intercept_fit,100,100,100,2218,1867,85,0.4756293519014462,0.34444,0.14439846846286217,0.0438296118316441,0.27166026519098807,0.14761134881878685,0.05114175040336413,0.2739110204662864,0.1457488498032575,0.05386095213752815,0.2718013353154805,0.16486422469623657,0.06076482060707306,0.29869433817701974
pond,supermat,NTP,250,intercept_fit,100,100,100,2218,1867,85,0.4756293519014462,0.34444,0.11560748029079417,0.037816807648405074,0.21475034890996017,0.12018051899534113,0.037561500226280124,0.22341236492334238,0.15178143280078266,0.10608773189558063,0.23501215114196206,0.19141553812006903,0.137477294448944,0.28875991241187837
pond,supermat,Probe,500,intercept_fit,100,100,100,2218,1867,85,0.4756293519014462,0.33958,0.14842588556051586,0.04620581389170127,0.2701129649389601,0.15167727029600894,0.054116869329049605,0.2742971269927296,0.14947073132348937,0.05676196322953501,0.2702582130397394,0.1691870635604222,0.0658463327071166,0.29710631916484104
pond,supermat,NTP,500,intercept_fit,100,100,100,2218,1867,85,0.4756293519014462,0.33958,0.11723833075553426,0.03895822645760481,0.2140453512114972,0.12191242692474252,0.0397450868847855,0.22245873736628055,0.1516200624453246,0.10576765912604232,0.23408388764221066,0.19179735818317692,0.13848212354821068,0.2877965994627486
pond,supermat,Probe,1000,intercept_fit,100,100,100,2218,1867,85,0.4756293519014462,0.34118999999999994,0.14902540242346546,0.04657392413993071,0.2645198858405406,0.1523642616568755,0.05413415612496999,0.26735280931106603,0.15010358171746366,0.05716227460681979,0.26471483478375385,0.169807460826339,0.06595515022015155,0.28891044140431177
pond,supermat,NTP,1000,intercept_fit,100,100,100,2218,1867,85,0.4756293519014462,0.34118999999999994,0.11661432914415845,0.03846341631243425,0.21308352357868246,0.12159152615556942,0.04053487960361886,0.22237603055775443,0.15160078736147245,0.10571771711259886,0.23399665226739563,0.19143173898354804,0.13791071226452056,0.2870125216550712
nfix,pond,Probe,10,intercept_fit,100,101,100,6293,4725,65,0.5411640211640212,0.4149999999999999,0.15406297041249267,0.03549592973659132,0.39101874715703233,0.15507353947286295,0.03818556515140224,0.3910039341025508,0.15427907288391204,0.039210715851053235,0.3910039341025508,0.16468586387043274,0.04332979475799776,0.4113297843702425
nfix,pond,NTP,10,intercept_fit,100,101,100,6293,4725,65,0.5411640211640212,0.4149999999999999,0.1352826048504473,0.03148087288156328,0.3471112704750286,0.13788863533668635,0.030379704005761676,0.347137438603243,0.17661321113439246,0.10433034460050021,0.34840641651738896,0.20648778130731127,0.12938162372153586,0.3860840659008826
nfix,pond,Probe,50,intercept_fit,100,100,100,6293,4725,65,0.5411640211640212,0.439,0.10291502841874606,0.03176380824488577,0.30972915305996995,0.10421538021737539,0.03312711832886923,0.30978558915415294,0.1032859375408085,0.033157232229518274,0.309785589154153,0.11154356377274997,0.03661931261982491,0.3262109433115893
nfix,pond,NTP,50,intercept_fit,100,100,100,6293,4725,65,0.5411640211640212,0.439,0.09035659258845613,0.030159628485667285,0.2350946362659064,0.09360562639416287,0.026206836688974215,0.23546878273021737,0.1484449119892502,0.10087532511294829,0.24978544198670108,0.1748372181181279,0.12399885258823358,0.2880477911137231
nfix,pond,Probe,100,intercept_fit,100,100,100,6293,4725,65,0.5411640211640212,0.43170000000000003,0.10611083657370557,0.03213417501623448,0.27376512072520326,0.10693090430999476,0.03291566140457141,0.274664981364509,0.10635743652943239,0.03358880448014172,0.27379160260163615,0.11525431216810135,0.03699463750978202,0.29366861639046815
nfix,pond,NTP,100,intercept_fit,100,100,100,6293,4725,65,0.5411640211640212,0.43170000000000003,0.08705557509706692,0.03039667868828136,0.2300431037133205,0.09151303664762683,0.02782894727983143,0.23005068092721428,0.1472003830524459,0.10115928792910059,0.24560607380640875,0.17251874133965206,0.12330990206081066,0.2825535918771342
nfix,pond,Probe,250,intercept_fit,100,100,100,6293,4725,65,0.5411640211640212,0.44795999999999997,0.09987673367341568,0.03220470340839747,0.23372662117205031,0.10072706990866738,0.033467068225307234,0.2346049953163381,0.1002307630027759,0.03395586061348714,0.23374350301073044,0.1093322642100749,0.03779110203485013,0.25373641852141954
nfix,pond,NTP,250,intercept_fit,100,100,100,6293,4725,65,0.5411640211640212,0.44795999999999997,0.07722102850585058,0.030176106294854982,0.20199633520071333,0.08234403866453884,0.028282581398439383,0.20242103221148955,0.14149401422366772,0.10100092430235323,0.22661251883708053,0.16592136495727622,0.122510039957014,0.2625536252556799
nfix,pond,Probe,500,intercept_fit,100,100,100,6293,4725,65,0.5411640211640212,0.43862,0.09991296148388805,0.03220544917702288,0.2395303143751792,0.10120410789579892,0.03354074485003792,0.2409897315182828,0.10027079297884665,0.03400275982762163,0.23997114454348534,0.10944088749533622,0.0375583824504967,0.26033504660323004
nfix,pond,NTP,500,intercept_fit,100,100,100,6293,4725,65,0.5411640211640212,0.43862,0.07774339202266801,0.03076778363707641,0.18949415964962116,0.08173456570805394,0.028594331471754213,0.1910404196725754,0.14222102267491224,0.10150752148875587,0.22064770996622754,0.16565202612695148,0.12302639532799513,0.25844999360237897
nfix,pond,Probe,1000,intercept_fit,100,100,100,6293,4725,65,0.5411640211640212,0.4423100000000001,0.09791155135354358,0.031957046708589815,0.23741178625724393,0.09876275632710221,0.03299249467283194,0.23800133720629243,0.09827280343508608,0.033320589628778305,0.23771154139275244,0.10720298871508913,0.037145947749655454,0.25834075485213026
nfix,pond,NTP,1000,intercept_fit,100,100,100,6293,4725,65,0.5411640211640212,0.4423100000000001,0.07560061523618428,0.030230223158979684,0.19278575456404803,0.08096914632039388,0.02801515688024439,0.19397636441047333,0.14100718784803382,0.1011554287720701,0.22108626079688137,0.16471565793594864,0.12267550279433394,0.2580117195997596
nfix,nfix,Probe,10,intercept_fit,100,103,100,2898,2906,41,0.3165863730213352,0.28400000000000003,0.13420239245535318,0.044757586848119146,0.34229511877770935,0.14054457032031162,0.04894955692483405,0.3444999605879903,0.13854124541074042,0.05149228365625762,0.3417613259485225,0.16222421242975127,0.06376817720216561,0.35542632489529963
nfix,nfix,NTP,10,intercept_fit,100,103,100,2898,2906,41,0.3165863730213352,0.28400000000000003,0.1191574165268702,0.022056962892514374,0.3239473931516669,0.11928827969634621,0.019003829366238564,0.32405319304646396,0.1365276735443134,0.05757423559735868,0.324058339188198,0.15356249062287536,0.06764396577890065,0.35548704530460584
nfix,nfix,Probe,50,intercept_fit,100,100,100,2898,2906,41,0.3165863730213352,0.26160000000000005,0.1263094743439077,0.044900122567374696,0.2810866013095711,0.13351231116193807,0.05067612933620582,0.28643622673167835,0.13075236171155694,0.053315073260379015,0.28103279564831374,0.14991125053195162,0.06543496474435086,0.2964299434003969
nfix,nfix,NTP,50,intercept_fit,100,100,100,2898,2906,41,0.3165863730213352,0.26160000000000005,0.11313803284846444,0.02273160118460035,0.2738999205541727,0.11292605335642276,0.019480498260326343,0.2738781346419114,0.12943848940853714,0.05729083112143438,0.2754168889616385,0.14420763300815204,0.06682953766099896,0.30445819295732274
nfix,nfix,Probe,100,intercept_fit,100,100,100,2898,2906,41,0.3165863730213352,0.2656,0.12140083971339594,0.045901332459057795,0.25570099360488024,0.12959873724839846,0.051471490599718346,0.2632170991010281,0.12574871263839876,0.05405358512537394,0.2561593473019803,0.1445057769592154,0.0656716335082245,0.2734947377839234
nfix,nfix,NTP,100,intercept_fit,100,100,100,2898,2906,41,0.3165863730213352,0.2656,0.11023907553700169,0.023180068927050327,0.24988495581289102,0.11038507671799826,0.020546064641373808,0.24993938404477112,0.12631026061832473,0.05776466675990278,0.25293086154897493,0.14021459270076359,0.06704181607870285,0.28141765190804996
nfix,nfix,Probe,250,intercept_fit,100,100,100,2898,2906,41,0.3165863730213352,0.26884,0.11976418270242847,0.05046305182350834,0.24405316810204788,0.12857958340243417,0.058141997280244,0.2522110268625893,0.12433847328676956,0.05811898419773914,0.2450714065926785,0.1417392294021324,0.06893989421817799,0.2615801794015905
nfix,nfix,NTP,250,intercept_fit,100,100,100,2898,2906,41,0.3165863730213352,0.26884,0.10951421897465004,0.024426120599864612,0.22842574979831207,0.10962013215616354,0.02089336585110994,0.22840733906671165,0.12449931964882861,0.05811535666429794,0.23433717410407906,0.13771053409396447,0.06703545398988456,0.264205541267721
nfix,nfix,Probe,500,intercept_fit,100,100,100,2898,2906,41,0.3165863730213352,0.27098,0.1188177416521297,0.04870726709522081,0.24201492946978612,0.12714102274624822,0.05662235101662638,0.25114074727186675,0.12328043739816082,0.056805433280760126,0.24398632836599374,0.1409624651690987,0.06754420551948051,0.2607431955389315
nfix,nfix,NTP,500,intercept_fit,100,100,100,2898,2906,41,0.3165863730213352,0.27098,0.10776262963838558,0.024308358052862904,0.22295737905649146,0.10786532102664419,0.021205106202923946,0.22285438993219775,0.12296917357943361,0.05823626239286319,0.22907965645717887,0.13592081954485258,0.06697010753625478,0.2593201361652652
nfix,nfix,Probe,1000,intercept_fit,100,100,100,2898,2906,41,0.3165863730213352,0.26970000000000005,0.11872658694200017,0.04976204280969044,0.24204382718395312,0.1275826571415154,0.05847466680668698,0.2506101621709948,0.12321183239095154,0.057269305951767546,0.24316439458881625,0.14074518173539816,0.0674566237859285,0.2606036512501335
nfix,nfix,NTP,1000,intercept_fit,100,100,100,2898,2906,41,0.3165863730213352,0.26970000000000005,0.1090137106790566,0.0237857037930278,0.2207157158429045,0.1091192598160227,0.02093084442342813,0.22067456450203454,0.1236606849335688,0.058895171623673075,0.2277668229312846,0.13680107741592995,0.06702342731681175,0.2594407030225129
nfix,supermat,Probe,10,intercept_fit,100,101,100,2218,1867,85,0.4756293519014462,0.353,0.21308608973884968,0.055274472636968025,0.44096318256031874,0.21772204246563007,0.06858142569106901,0.4410882989659515,0.21557384435958438,0.06800459286734563,0.4408352218705055,0.2396181608713883,0.07979011541060796,0.47333577715511577
nfix,supermat,NTP,10,intercept_fit,100,101,100,2218,1867,85,0.4756293519014462,0.353,0.14784909000068985,0.042879087947659586,0.35503390900547704,0.15197745027158618,0.04335607758811803,0.3551172197480466,0.20494439568764755,0.12856462712895922,0.3637839353644024,0.23579534430551097,0.15755982890221187,0.40972006411040723
nfix,supermat,Probe,50,intercept_fit,100,100,100,2218,1867,85,0.4756293519014462,0.3423999999999999,0.21798882630159877,0.06145014489762741,0.3925373915050271,0.22135668391404142,0.07641634630779431,0.3934845265612422,0.2190349755450376,0.07742289582921898,0.3924910690925703,0.2452368276842596,0.0927084050183343,0.42531842557823935
nfix,supermat,NTP,50,intercept_fit,100,100,100,2218,1867,85,0.4756293519014462,0.3423999999999999,0.12591402856987086,0.04506082228497347,0.27483126346692566,0.1281982366506914,0.04454871335924837,0.2749213533600312,0.1938853715573765,0.13314335271459438,0.29719139088458346,0.2179965687942086,0.15811566330366109,0.3329712182758082
nfix,supermat,Probe,100,intercept_fit,100,100,100,2218,1867,85,0.4756293519014462,0.34020000000000006,0.22013850414574992,0.07169265363427574,0.3841971016506195,0.22276403520421867,0.0824961677092177,0.384713122099766,0.22088958694078367,0.08726426654551786,0.3841836092695289,0.24760461066512854,0.1058286483932833,0.41629589291240754
nfix,supermat,NTP,100,intercept_fit,100,100,100,2218,1867,85,0.4756293519014462,0.34020000000000006,0.12138356418088987,0.04470489907342973,0.2524156370766698,0.12259951410903783,0.045081850297541484,0.252542860013129,0.1910107730652862,0.13539987734421022,0.28030770787454773,0.21301723935605843,0.15900624383889247,0.31270609410774436
nfix,supermat,Probe,250,intercept_fit,100,100,100,2218,1867,85,0.4756293519014462,0.34444,0.2180934514262108,0.06883779913935818,0.37913383050153626,0.2211270345502462,0.08219650135354283,0.38071333493532944,0.21879931361199895,0.08647020858188938,0.37915420533229766,0.2455425759524859,0.10248875224855773,0.4105822119514579
nfix,supermat,NTP,250,intercept_fit,100,100,100,2218,1867,85,0.4756293519014462,0.34444,0.11671805970802498,0.04501433383742216,0.24501901848314564,0.11844004574517157,0.04577161641666225,0.24517199161285883,0.18930390415568205,0.13660695946341986,0.2737700302480785,0.2103730338562019,0.1589962786603434,0.30469909606648754
nfix,supermat,Probe,500,intercept_fit,100,100,100,2218,1867,85,0.4756293519014462,0.33958,0.22116416340023676,0.07504867273826121,0.37777140923344715,0.2236303448569113,0.08517221914696901,0.3783284164306578,0.22179933947530034,0.09106826182899284,0.37778184215776495,0.24849878735110725,0.10915065438252503,0.4082934340010619
nfix,supermat,NTP,500,intercept_fit,100,100,100,2218,1867,85,0.4756293519014462,0.33958,0.1183327329307681,0.045824606247059384,0.24686077128963865,0.11907477260321972,0.04603636043208807,0.24697414742155954,0.19024124863321137,0.13857686206155803,0.27499126998913226,0.21121277999454122,0.1603480620203172,0.3071153535538332
nfix,supermat,Probe,1000,intercept_fit,100,100,100,2218,1867,85,0.4756293519014462,0.34118999999999994,0.21971823480975675,0.07383669825143821,0.3790102726036185,0.22263333308636088,0.08449822819199898,0.37975551002405994,0.22042368432714535,0.09048131716163262,0.3789790554470269,0.2471923847102345,0.10766789906122262,0.410895978902292
nfix,supermat,NTP,1000,intercept_fit,100,100,100,2218,1867,85,0.4756293519014462,0.34118999999999994,0.11739195431940186,0.04523857327828824,0.2459980262377813,0.11871283511336647,0.04563795069174561,0.2461145741706561,0.18988759488801774,0.13849881514847914,0.2737783612028566,0.21076956815193187,0.15959015875131047,0.3060033996805337
supermat,pond,Probe,10,intercept_fit,100,101,100,6293,4725,65,0.5411640211640212,0.4149999999999999,0.17816670391131606,0.09761077018350932,0.36084306038292296,0.18891859550667958,0.10474418328239492,0.36069212770844483,0.18852764306957648,0.10398981543581727,0.3606921277084448,0.20806898010494237,0.11454903587058993,0.3803935496159296
supermat,pond,NTP,10,intercept_fit,100,101,100,6293,4725,65,0.5411640211640212,0.4149999999999999,0.21760185219392586,0.08192078713572826,0.3501356016890271,0.2244624346241332,0.10443414154558557,0.35055523385629,0.22578675836764095,0.13704345178312138,0.34138823458047574,0.26724646514610617,0.16300571955623538,0.4106002844384055
supermat,pond,Probe,50,intercept_fit,100,100,100,6293,4725,65,0.5411640211640212,0.439,0.14846316986410246,0.09427364342628605,0.249058244421783,0.1608461341994149,0.10040423770089986,0.258946660575085,0.16107187684412996,0.099347270372361,0.2570430997644667,0.17726924226983354,0.10980874601965634,0.2916947159498032
supermat,pond,NTP,50,intercept_fit,100,100,100,6293,4725,65,0.5411640211640212,0.439,0.1867178813867794,0.08101968003155731,0.3092390513597816,0.19228515897695136,0.10065620956592652,0.3110946927951394,0.20437542309816717,0.13436290103899654,0.29906111399201973,0.2367177793907521,0.1585781045607768,0.3574539382553154
supermat,pond,Probe,100,intercept_fit,100,100,100,6293,4725,65,0.5411640211640212,0.43170000000000003,0.1461798919399004,0.0939974000260002,0.22555692869419267,0.15866889491033287,0.10077366420827455,0.23944179143393413,0.1593089994630852,0.09861794507354138,0.23784885483972615,0.17567680473393352,0.11008092361370694,0.27300398886687083
supermat,pond,NTP,100,intercept_fit,100,100,100,6293,4725,65,0.5411640211640212,0.43170000000000003,0.18857403196590006,0.08197491515115363,0.32073444935046375,0.1943848758421126,0.10446295442734264,0.3112742991137106,0.2043790339992936,0.13577517216430438,0.29959482743284116,0.23704539291585253,0.15871776641100405,0.3573731859175131
supermat,pond,Probe,250,intercept_fit,100,100,100,6293,4725,65,0.5411640211640212,0.44795999999999997,0.1427707838262884,0.09423513610974744,0.21092753733053377,0.1559121434228338,0.10034017793870217,0.23303022337942328,0.15609516250560115,0.09910192117665617,0.23125227423844552,0.17032401619773654,0.1098191891511132,0.2596209693385327
supermat,pond,NTP,250,intercept_fit,100,100,100,6293,4725,65,0.5411640211640212,0.44795999999999997,0.18455141875079245,0.08271151739478884,0.2939140485219654,0.18954181729041944,0.10124863990964512,0.28451052148103,0.20205228008814274,0.1362488341611097,0.2778628169731017,0.23347601190112982,0.1601224451462174,0.33296976876637274
supermat,pond,Probe,500,intercept_fit,100,100,100,6293,4725,65,0.5411640211640212,0.43862,0.1415061561310822,0.09506649882828774,0.20187392602293858,0.15496887597256,0.10118924081865874,0.2259497962310021,0.15504705830811186,0.09997598599963824,0.22471539808225444,0.16882197331202128,0.11025740864536601,0.255076890410056
supermat,pond,NTP,500,intercept_fit,100,100,100,6293,4725,65,0.5411640211640212,0.43862,0.18840092741990871,0.08590104196038537,0.2870625548880705,0.1929068918768154,0.10439862974931056,0.28062199790875825,0.20356923991592246,0.13869437767122936,0.27368565760443364,0.23517065636773854,0.1614610539449412,0.3280043962649319
supermat,pond,Probe,1000,intercept_fit,100,100,100,6293,4725,65,0.5411640211640212,0.4423100000000001,0.14174607470784628,0.09379685027302381,0.20661407078049943,0.1553621940861151,0.10045519041314807,0.231481516587686,0.15538491562734907,0.0991044560101215,0.2305274707412673,0.16884642951108872,0.10977751142069614,0.2571195572703202
supermat,pond,NTP,1000,intercept_fit,100,100,100,6293,4725,65,0.5411640211640212,0.4423100000000001,0.18533816251514934,0.08298112943598501,0.287993264036986,0.19020233903848602,0.10530966421021459,0.27979586436438125,0.20201777279937722,0.13695171736606032,0.27369725497339986,0.23315785461821367,0.15997268177069957,0.32849535893689136
supermat,nfix,Probe,10,intercept_fit,100,103,100,2898,2906,41,0.3165863730213352,0.28400000000000003,0.16448090868493906,0.0850170494053111,0.38625645086472693,0.1834026939124422,0.09550798964416252,0.39388078985010727,0.18104450788113932,0.09427676085685693,0.3939491647469304,0.20566872581519338,0.11396188686188871,0.4304516911192885
supermat,nfix,NTP,10,intercept_fit,100,103,100,2898,2906,41,0.3165863730213352,0.28400000000000003,0.23120184835509103,0.13403447447500266,0.35637584910975856,0.23288936089003226,0.1488130493076739,0.35481079452776876,0.22835302687411776,0.1480630811962291,0.34980037535044745,0.25019237104006736,0.17879049106909747,0.37825441836693763
supermat,nfix,Probe,50,intercept_fit,100,100,100,2898,2906,41,0.3165863730213352,0.26160000000000005,0.1377213221569418,0.09128407095478497,0.27822917835113536,0.15827727780826964,0.10377058742237014,0.29247239824735066,0.15653905597238407,0.10337633740507275,0.29037257753944473,0.1763562849686159,0.11958977822953486,0.3302679570198886
supermat,nfix,NTP,50,intercept_fit,100,100,100,2898,2906,41,0.3165863730213352,0.26160000000000005,0.22754731624637364,0.1536355545504775,0.3221754487076729,0.23061739248051677,0.1536839848857446,0.3341349433437884,0.2227511686831081,0.1487085904298929,0.32532541302354984,0.24267195504905836,0.16859275143034064,0.36062403666925036
supermat,nfix,Probe,100,intercept_fit,100,100,100,2898,2906,41,0.3165863730213352,0.2656,0.13574490281779622,0.09520523958773161,0.26152768494085005,0.1575347882293144,0.10882859473758395,0.2800529066443937,0.15544388071803447,0.10710659777269163,0.2784396303925239,0.1744130104639071,0.12444306428590365,0.31805413258773246
supermat,nfix,NTP,100,intercept_fit,100,100,100,2898,2906,41,0.3165863730213352,0.2656,0.22703433073292217,0.15877961235374044,0.318931639508506,0.23096374085502552,0.15427786990316408,0.33329727783131624,0.2215768167559543,0.14875712559201587,0.3245071957626686,0.24097302561285844,0.16762020170813782,0.36022377107711473
supermat,nfix,Probe,250,intercept_fit,100,100,100,2898,2906,41,0.3165863730213352,0.26884,0.13376497714857477,0.09994356419150961,0.2446318448382236,0.1573496724177566,0.11447389392161235,0.2659508213825026,0.15396835866303457,0.11427305764169413,0.26504095417961054,0.1717683628719106,0.13445820958794982,0.3033673972100182
supermat,nfix,NTP,250,intercept_fit,100,100,100,2898,2906,41,0.3165863730213352,0.26884,0.22826287009007512,0.15999435485653382,0.3172358685474747,0.23117020888295875,0.1539546578322903,0.33253806752498666,0.22004230429710955,0.1487143402094344,0.32426769548514284,0.23868073296174,0.16685244478380998,0.36072709507178674
supermat,nfix,Probe,500,intercept_fit,100,100,100,2898,2906,41,0.3165863730213352,0.27098,0.13378675496922962,0.10093926802886882,0.24325558583071116,0.1577624309496029,0.11547730794660156,0.2640510623785813,0.15409893430918167,0.1159915497046061,0.2628433669448054,0.17187227356361195,0.1354730139811033,0.2997450284133391
supermat,nfix,NTP,500,intercept_fit,100,100,100,2898,2906,41,0.3165863730213352,0.27098,0.2293180197355345,0.16139301460894062,0.31613730815719404,0.2315955520155428,0.15443857232291178,0.3329456136493836,0.21841644701725577,0.149673039238694,0.3245769014620676,0.23758547197024804,0.16726131961319246,0.3609037266454405
supermat,nfix,Probe,1000,intercept_fit,100,100,100,2898,2906,41,0.3165863730213352,0.26970000000000005,0.13343391303240076,0.10386425291342534,0.24366934740788224,0.1572463709575299,0.11741543093367433,0.26035210506615025,0.15369037374601147,0.11738631155589119,0.2595055752062908,0.17125129602375236,0.13713939158237584,0.2972898404004621
supermat,nfix,NTP,1000,intercept_fit,100,100,100,2898,2906,41,0.3165863730213352,0.26970000000000005,0.22895135085030952,0.161131340507229,0.31563595956835433,0.23142070539619702,0.1541990797884126,0.3327711514470668,0.2181384084019327,0.14989215125442507,0.32458167701337304,0.23746917912221935,0.16700398143283704,0.36089211097406015
supermat,supermat,Probe,10,intercept_fit,100,101,100,2218,1867,85,0.4756293519014462,0.353,0.157217234153339,0.06304842078395023,0.34165339638735676,0.1638696841777502,0.06967467920877658,0.3444857076283119,0.16145046059477838,0.0685698487635648,0.3395794014008673,0.18878854600732786,0.08067469087409393,0.37767963278211913
supermat,supermat,NTP,10,intercept_fit,100,101,100,2218,1867,85,0.4756293519014462,0.353,0.17154317630349636,0.04794512109589285,0.3275195806860029,0.17264180356119496,0.054680736813036604,0.3351605859857385,0.186207375168797,0.11011573705928403,0.33466078718811537,0.2290554884878906,0.13764025732985483,0.40105357019631876
supermat,supermat,Probe,50,intercept_fit,100,100,100,2218,1867,85,0.4756293519014462,0.3423999999999999,0.1341169088117852,0.06543455337791385,0.2566694914966344,0.14109958784410132,0.07147912518916687,0.2652084962254684,0.1391791399962898,0.07071517808786927,0.25856656609355155,0.16658478133974636,0.08325557149020124,0.29683911485220754
supermat,supermat,NTP,50,intercept_fit,100,100,100,2218,1867,85,0.4756293519014462,0.3423999999999999,0.16108615775836868,0.054322601291382874,0.2869658779222739,0.1567323657155415,0.06062709712021294,0.277051763114498,0.1637843849342035,0.10874442394539295,0.26818127326119495,0.20880699694019242,0.1386816260867042,0.3291531494304422
supermat,supermat,Probe,100,intercept_fit,100,100,100,2218,1867,85,0.4756293519014462,0.34020000000000006,0.1317708281369461,0.06680416570661635,0.22654268792309068,0.13951977400729268,0.07281935221945911,0.2362678537996556,0.13744383245448646,0.07304402344476721,0.23194570532426578,0.1649755008977045,0.0852235385765652,0.2711999849550301
supermat,supermat,NTP,100,intercept_fit,100,100,100,2218,1867,85,0.4756293519014462,0.34020000000000006,0.1542282522349454,0.05207069103635803,0.2698470797962023,0.14988761460240949,0.057878241604762244,0.2589619750488184,0.15815697685569055,0.10778036849381735,0.24993740935397474,0.20275662696932287,0.13859441055030158,0.30722543900079136
supermat,supermat,Probe,250,intercept_fit,100,100,100,2218,1867,85,0.4756293519014462,0.34444,0.1270361471014063,0.06920313137594998,0.20405313737338973,0.13423719186000566,0.074572884482999,0.21576068234820406,0.1328279590424545,0.07403817422325511,0.21249764234642665,0.16006824611144577,0.08792617396680578,0.25035783836837566
supermat,supermat,NTP,250,intercept_fit,100,100,100,2218,1867,85,0.4756293519014462,0.34444,0.15359914091204557,0.05651931378569225,0.25695941164591896,0.14894242066658228,0.06212265493915966,0.24713912876840644,0.15611374593381963,0.10810053839535025,0.24099360089703267,0.20102513559392757,0.13931666182550284,0.2958454016935676
supermat,supermat,Probe,500,intercept_fit,100,100,100,2218,1867,85,0.4756293519014462,0.33958,0.12890851300243752,0.07408425924484655,0.20676563861304198,0.13565325668702655,0.07924011586874209,0.21820719781132217,0.13431826122163357,0.07916392041794726,0.21459585354560307,0.1627462541489965,0.09304043375277397,0.2530763080519245
supermat,supermat,NTP,500,intercept_fit,100,100,100,2218,1867,85,0.4756293519014462,0.33958,0.15539329264628,0.06067661023766735,0.25543957126260386,0.15078456712183502,0.06650915712031444,0.24537617965330658,0.15574752369064973,0.1067578933875972,0.2400999591272498,0.20153527965359896,0.14072352199707983,0.2932878701960503
supermat,supermat,Probe,1000,intercept_fit,100,100,100,2218,1867,85,0.4756293519014462,0.34118999999999994,0.12875842021866749,0.07245804778743639,0.20654533717531268,0.13552593855129988,0.07839802743319278,0.21796719513166476,0.13413597960469104,0.07824922613169763,0.21415217023267205,0.16249750624587697,0.09146666414646012,0.25297330095729076
supermat,supermat,NTP,1000,intercept_fit,100,100,100,2218,1867,85,0.4756293519014462,0.34118999999999994,0.15451082011851525,0.06084776174621989,0.25284017401904463,0.1498819507475381,0.06600380627462675,0.24323345279638497,0.15534246002241697,0.10710626465249468,0.23884975897503166,0.20095917189228257,0.13999663131178278,0.29154177522764796
