Train dataset,Test dataset,Method,Recalibration,Fit source,Fit n,Fit seed,pi_te,Train prevalence,coef,intercept,N test,Test label rate,Raw mean prob,Mapped mean prob
pond,pond,probe,intercept_fit,sample,100,0,0.53,0.4985203973789896,1.0,-0.5550901997950679,4160,0.43509615384615385,0.6289199199144225,0.5357464423569749
pond,pond,ntp,intercept_fit,sample,100,0,0.53,0.4985203973789896,1.0,-0.375547719098661,4160,0.43509615384615385,0.6081960854835959,0.5459931605434352
pond,nfix,probe,intercept_fit,sample,100,0,0.21,0.4985203973789896,1.0,-1.9406019692857328,2058,0.37123420796890183,0.5453966569529143,0.2194178416121752
pond,nfix,ntp,intercept_fit,sample,100,0,0.21,0.4985203973789896,1.0,-2.439904496645072,2058,0.37123420796890183,0.6475416669621364,0.2605861014643647
pond,supermat,probe,intercept_fit,sample,100,0,0.33,0.4985203973789896,1.0,-3.00534004697689,1774,0.5434047350620068,0.8259511795148174,0.3143100120381712
pond,supermat,ntp,intercept_fit,sample,100,0,0.33,0.4985203973789896,1.0,-1.1251118543285359,1774,0.5434047350620068,0.6203271079438735,0.46001172998057815
nfix,pond,probe,intercept_fit,sample,100,0,0.53,0.4962228517469311,1.0,-1.5299745473362871,4160,0.43509615384615385,0.7023407717218079,0.41878728663851666
nfix,pond,ntp,intercept_fit,sample,100,0,0.53,0.4962228517469311,1.0,-0.0588320795097144,4160,0.43509615384615385,0.5539807533187269,0.5408452431053745
nfix,nfix,probe,intercept_fit,sample,100,0,0.21,0.4962228517469311,1.0,-1.9016165735397796,2058,0.37123420796890183,0.5594819903565122,0.20593090709867343
nfix,nfix,ntp,intercept_fit,sample,100,0,0.21,0.4962228517469311,1.0,-1.6061513419189448,2058,0.37123420796890183,0.5764678089406927,0.24162504876434576
nfix,supermat,probe,intercept_fit,sample,100,0,0.33,0.4962228517469311,1.0,-2.040900738330915,1774,0.5434047350620068,0.7670585668262068,0.34415541056714993
nfix,supermat,ntp,intercept_fit,sample,100,0,0.33,0.4962228517469311,1.0,-0.7877585621335301,1774,0.5434047350620068,0.5668096535948851,0.39815421619912944
supermat,pond,probe,intercept_fit,sample,100,0,0.53,0.5,1.0,0.6743165493929322,4160,0.43509615384615385,0.48063585853053664,0.6004441610742042
supermat,pond,ntp,intercept_fit,sample,100,0,0.53,0.5,1.0,-0.9093303304829953,4160,0.43509615384615385,0.7008682224210752,0.545256941123458
supermat,nfix,probe,intercept_fit,sample,100,0,0.21,0.5,1.0,-1.6821062379494496,2058,0.37123420796890183,0.44789062267735974,0.18818417053831463
supermat,nfix,ntp,intercept_fit,sample,100,0,0.21,0.5,1.0,-2.807497597825316,2058,0.37123420796890183,0.728381186097345,0.2579680110347288
supermat,supermat,probe,intercept_fit,sample,100,0,0.33,0.5,1.0,-3.7951863823459067,1774,0.5434047350620068,0.8840730959738148,0.35555851008668643
supermat,supermat,ntp,intercept_fit,sample,100,0,0.33,0.5,1.0,-1.6424386837575773,1774,0.5434047350620068,0.7001479970060313,0.4475006214247797
