Train dataset,Test dataset,Type,Platt N,Recalibration,Train resamples,Fit draws,Short-pool skips,Single-class skips,Pool N,Test N,Test docs,Test label rate,Fit label rate,SmECE,SmECE_lo,SmECE_hi
pond,pond,Probe,0,none,0,0,0,0,6293,4725,65,0.5411640211640212,,0.07905378042432444,0.07905378042432444,0.07905378042432444
pond,pond,NTP,0,none,0,0,0,0,6293,4725,65,0.5411640211640212,,0.08448678818761872,0.08448678818761872,0.08448678818761872
pond,pond,Probe,50,intercept_fit,2000,2000,0,0,6293,4725,65,0.5411640211640212,0.43509000000000003,0.11295253737789525,0.04443511978871682,0.25504048809101165
pond,pond,NTP,50,intercept_fit,2000,2000,0,0,6293,4725,65,0.5411640211640212,0.43509000000000003,0.15671881561291678,0.07833575696633742,0.23337068095631489
pond,pond,Probe,100,intercept_fit,2000,2000,0,0,6293,4725,65,0.5411640211640212,0.435285,0.10677699464845415,0.044415482885740834,0.22619107700608237
pond,pond,NTP,100,intercept_fit,2000,2000,0,0,6293,4725,65,0.5411640211640212,0.435285,0.15434716848214708,0.07917463507080978,0.22497788969277202
pond,pond,Probe,250,intercept_fit,2000,2000,0,0,6293,4725,65,0.5411640211640212,0.43634,0.10376644963349875,0.04446306412039598,0.20751906451304006
pond,pond,NTP,250,intercept_fit,2000,2000,0,0,6293,4725,65,0.5411640211640212,0.43634,0.15357002310673146,0.08003353921916467,0.2178321203918762
pond,pond,Probe,500,intercept_fit,2000,2000,0,0,6293,4725,65,0.5411640211640212,0.437912,0.10186596235331531,0.04446413353911988,0.1964935896739644
pond,pond,NTP,500,intercept_fit,2000,2000,0,0,6293,4725,65,0.5411640211640212,0.437912,0.15274595220145015,0.08158774520849195,0.21458559154443874
pond,pond,Probe,1000,intercept_fit,2000,2000,0,0,6293,4725,65,0.5411640211640212,0.4368355,0.10212460942114295,0.044401534259742054,0.19059202223652902
pond,pond,NTP,1000,intercept_fit,2000,2000,0,0,6293,4725,65,0.5411640211640212,0.4368355,0.1525916741873471,0.08139385095969337,0.20989578777477536
pond,nfix,Probe,0,none,0,0,0,0,2898,2906,41,0.3165863730213352,,0.3165032980426827,0.3165032980426827,0.3165032980426827
pond,nfix,NTP,0,none,0,0,0,0,2898,2906,41,0.3165863730213352,,0.21739577942974747,0.21739577942974747,0.21739577942974747
pond,nfix,Probe,50,intercept_fit,2000,2000,0,0,2898,2906,41,0.3165863730213352,0.26817,0.09519544042457957,0.0467825525737306,0.20279244799676688
pond,nfix,NTP,50,intercept_fit,2000,2000,0,0,2898,2906,41,0.3165863730213352,0.26817,0.1834804373301584,0.15000310989536025,0.22898129449743798
pond,nfix,Probe,100,intercept_fit,2000,2000,0,0,2898,2906,41,0.3165863730213352,0.269935,0.08505016566000502,0.04675644677157912,0.17753978125512507
pond,nfix,NTP,100,intercept_fit,2000,2000,0,0,2898,2906,41,0.3165863730213352,0.269935,0.18182635841213038,0.1638603074472414,0.21328117619468145
pond,nfix,Probe,250,intercept_fit,2000,2000,0,0,2898,2906,41,0.3165863730213352,0.268462,0.08176563372805504,0.04675919513111791,0.1581335984872224
pond,nfix,NTP,250,intercept_fit,2000,2000,0,0,2898,2906,41,0.3165863730213352,0.268462,0.18090346725897874,0.17248232426701746,0.19712916141297904
pond,nfix,Probe,500,intercept_fit,2000,2000,0,0,2898,2906,41,0.3165863730213352,0.26858799999999994,0.07998551944391516,0.04676725387567269,0.14610720855116013
pond,nfix,NTP,500,intercept_fit,2000,2000,0,0,2898,2906,41,0.3165863730213352,0.26858799999999994,0.18050851357156722,0.17392692426666467,0.19134898773434966
pond,nfix,Probe,1000,intercept_fit,2000,2000,0,0,2898,2906,41,0.3165863730213352,0.26893800000000007,0.07837990447241791,0.0467546372956502,0.1430203891183595
pond,nfix,NTP,1000,intercept_fit,2000,2000,0,0,2898,2906,41,0.3165863730213352,0.26893800000000007,0.1802484615515371,0.17533330575065068,0.1859204999060118
pond,supermat,Probe,0,none,0,0,0,0,2218,1867,85,0.4756293519014462,,0.28490723839625776,0.28490723839625776,0.28490723839625776
pond,supermat,NTP,0,none,0,0,0,0,2218,1867,85,0.4756293519014462,,0.06535919657036772,0.06535919657036772,0.06535919657036772
pond,supermat,Probe,50,intercept_fit,2000,2000,0,0,2218,1867,85,0.4756293519014462,0.33396,0.15537477308001446,0.03307323177358176,0.29653372291734836
pond,supermat,NTP,50,intercept_fit,2000,2000,0,0,2218,1867,85,0.4756293519014462,0.33396,0.12238130583160213,0.03771188907776943,0.22168178986962084
pond,supermat,Probe,100,intercept_fit,2000,2000,0,0,2218,1867,85,0.4756293519014462,0.33205499999999993,0.15559001953631085,0.034730435143848444,0.2747116953355887
pond,supermat,NTP,100,intercept_fit,2000,2000,0,0,2218,1867,85,0.4756293519014462,0.33205499999999993,0.12213910797684759,0.04093446921507525,0.19725845459114116
pond,supermat,Probe,250,intercept_fit,2000,2000,0,0,2218,1867,85,0.4756293519014462,0.334792,0.1526603127711146,0.03838768647579568,0.2490370026075603
pond,supermat,NTP,250,intercept_fit,2000,2000,0,0,2218,1867,85,0.4756293519014462,0.334792,0.12053218546774115,0.04475564241420394,0.1848019677069075
pond,supermat,Probe,500,intercept_fit,2000,2000,0,0,2218,1867,85,0.4756293519014462,0.333816,0.15359743959893354,0.04185918147633937,0.24268520561693535
pond,supermat,NTP,500,intercept_fit,2000,2000,0,0,2218,1867,85,0.4756293519014462,0.333816,0.12081245563722713,0.04880459233008534,0.17932704973169727
pond,supermat,Probe,1000,intercept_fit,2000,2007,7,0,2218,1867,85,0.4756293519014462,0.333328,0.15354542046331354,0.04475520877343565,0.24088038008633375
pond,supermat,NTP,1000,intercept_fit,2000,2007,7,0,2218,1867,85,0.4756293519014462,0.333328,0.12076449408734152,0.049779717480236664,0.1757588152971812
nfix,pond,Probe,0,none,0,0,0,0,6293,4725,65,0.5411640211640212,,0.046778553838753144,0.046778553838753144,0.046778553838753144
nfix,pond,NTP,0,none,0,0,0,0,6293,4725,65,0.5411640211640212,,0.06563852599590059,0.06563852599590059,0.06563852599590059
nfix,pond,Probe,50,intercept_fit,2000,2000,0,0,6293,4725,65,0.5411640211640212,0.43509000000000003,0.11164597567306928,0.03708746935373954,0.2674711075148774
nfix,pond,NTP,50,intercept_fit,2000,2000,0,0,6293,4725,65,0.5411640211640212,0.43509000000000003,0.0939413185427875,0.02990486558314827,0.22611769037572207
nfix,pond,Probe,100,intercept_fit,2000,2000,0,0,6293,4725,65,0.5411640211640212,0.435285,0.10343211401063515,0.0370536469328493,0.2436328630615794
nfix,pond,NTP,100,intercept_fit,2000,2000,0,0,6293,4725,65,0.5411640211640212,0.435285,0.08628586547220564,0.029846500273276365,0.2033910891909809
nfix,pond,Probe,250,intercept_fit,2000,2000,0,0,6293,4725,65,0.5411640211640212,0.43634,0.0975071409385636,0.03704938978563057,0.22154197678191473
nfix,pond,NTP,250,intercept_fit,2000,2000,0,0,6293,4725,65,0.5411640211640212,0.43634,0.08183283195794963,0.02984922098037902,0.1847359675674402
nfix,pond,Probe,500,intercept_fit,2000,2000,0,0,6293,4725,65,0.5411640211640212,0.437912,0.0947288154948202,0.037059618299338765,0.2118978111740774
nfix,pond,NTP,500,intercept_fit,2000,2000,0,0,6293,4725,65,0.5411640211640212,0.437912,0.07928138852210286,0.02986453284788366,0.17686564536358065
nfix,pond,Probe,1000,intercept_fit,2000,2000,0,0,6293,4725,65,0.5411640211640212,0.4368355,0.09508913445392864,0.03705793850523696,0.20879140824010203
nfix,pond,NTP,1000,intercept_fit,2000,2000,0,0,6293,4725,65,0.5411640211640212,0.4368355,0.07913463865756018,0.02984812414026521,0.16917787898218076
nfix,nfix,Probe,0,none,0,0,0,0,2898,2906,41,0.3165863730213352,,0.19021929539480226,0.19021929539480226,0.19021929539480226
nfix,nfix,NTP,0,none,0,0,0,0,2898,2906,41,0.3165863730213352,,0.22526496242964586,0.22526496242964586,0.22526496242964586
nfix,nfix,Probe,50,intercept_fit,2000,2000,0,0,2898,2906,41,0.3165863730213352,0.26817,0.123083291299074,0.046775738433839885,0.2249613413885754
nfix,nfix,NTP,50,intercept_fit,2000,2000,0,0,2898,2906,41,0.3165863730213352,0.26817,0.111112219274849,0.020532249604363846,0.20125541049387535
nfix,nfix,Probe,100,intercept_fit,2000,2000,0,0,2898,2906,41,0.3165863730213352,0.269935,0.11944498551847521,0.0478146139048221,0.20607882147544926
nfix,nfix,NTP,100,intercept_fit,2000,2000,0,0,2898,2906,41,0.3165863730213352,0.269935,0.10792399538164281,0.029304624777228987,0.17884123729367768
nfix,nfix,Probe,250,intercept_fit,2000,2000,0,0,2898,2906,41,0.3165863730213352,0.268462,0.11979117938801041,0.05090206696238828,0.19644126959683805
nfix,nfix,NTP,250,intercept_fit,2000,2000,0,0,2898,2906,41,0.3165863730213352,0.268462,0.10975925125564918,0.05332077267485412,0.1560633621735127
nfix,nfix,Probe,500,intercept_fit,2000,2000,0,0,2898,2906,41,0.3165863730213352,0.26858799999999994,0.11973596752374129,0.05387742815174983,0.1910237232103286
nfix,nfix,NTP,500,intercept_fit,2000,2000,0,0,2898,2906,41,0.3165863730213352,0.26858799999999994,0.1097477619233531,0.05767481301646067,0.14914489255011681
nfix,nfix,Probe,1000,intercept_fit,2000,2000,0,0,2898,2906,41,0.3165863730213352,0.26893800000000007,0.11922128038917283,0.05631736947732316,0.1884887730245285
nfix,nfix,NTP,1000,intercept_fit,2000,2000,0,0,2898,2906,41,0.3165863730213352,0.26893800000000007,0.10962058867317875,0.06182284785991253,0.14153344035673865
nfix,supermat,Probe,0,none,0,0,0,0,2218,1867,85,0.4756293519014462,,0.06939756977090474,0.06939756977090474,0.06939756977090474
nfix,supermat,NTP,0,none,0,0,0,0,2218,1867,85,0.4756293519014462,,0.09932932021947237,0.09932932021947237,0.09932932021947237
nfix,supermat,Probe,50,intercept_fit,2000,2000,0,0,2218,1867,85,0.4756293519014462,0.33396,0.22579915479416449,0.07309473501581766,0.38453285180108754
nfix,supermat,NTP,50,intercept_fit,2000,2000,0,0,2218,1867,85,0.4756293519014462,0.33396,0.1280529214458875,0.047415495198476064,0.26057954065697925
nfix,supermat,Probe,100,intercept_fit,2000,2000,0,0,2218,1867,85,0.4756293519014462,0.33205499999999993,0.2266341669002777,0.08688358833029146,0.3651255027035073
nfix,supermat,NTP,100,intercept_fit,2000,2000,0,0,2218,1867,85,0.4756293519014462,0.33205499999999993,0.12536152315909774,0.047569745216701,0.238843734125829
nfix,supermat,Probe,250,intercept_fit,2000,2000,0,0,2218,1867,85,0.4756293519014462,0.334792,0.22490060559850475,0.08702198875395081,0.3519079206742305
nfix,supermat,NTP,250,intercept_fit,2000,2000,0,0,2218,1867,85,0.4756293519014462,0.334792,0.12161880622697294,0.04765276746192113,0.21866810643405132
nfix,supermat,Probe,500,intercept_fit,2000,2000,0,0,2218,1867,85,0.4756293519014462,0.333816,0.22524022529744764,0.09836202061724987,0.3432137115738655
nfix,supermat,NTP,500,intercept_fit,2000,2000,0,0,2218,1867,85,0.4756293519014462,0.333816,0.12139497166352307,0.04773218547675271,0.21151106039276582
nfix,supermat,Probe,1000,intercept_fit,2000,2007,7,0,2218,1867,85,0.4756293519014462,0.333328,0.22589775092998002,0.10085263302066548,0.34494243073390574
nfix,supermat,NTP,1000,intercept_fit,2000,2007,7,0,2218,1867,85,0.4756293519014462,0.333328,0.12131581757774859,0.047723897643256546,0.20792930854860828
supermat,pond,Probe,0,none,0,0,0,0,6293,4725,65,0.5411640211640212,,0.25817690655465997,0.25817690655465997,0.25817690655465997
supermat,pond,NTP,0,none,0,0,0,0,6293,4725,65,0.5411640211640212,,0.10165309310831766,0.10165309310831766,0.10165309310831766
supermat,pond,Probe,50,intercept_fit,2000,2000,0,0,6293,4725,65,0.5411640211640212,0.43509000000000003,0.15052877260289277,0.13381109018717016,0.22099204539279285
supermat,pond,NTP,50,intercept_fit,2000,2000,0,0,6293,4725,65,0.5411640211640212,0.43509000000000003,0.19221606071828976,0.08201186494143829,0.30336651890375943
supermat,pond,Probe,100,intercept_fit,2000,2000,0,0,6293,4725,65,0.5411640211640212,0.435285,0.1459587826084451,0.133795246360844,0.19598027074980873
supermat,pond,NTP,100,intercept_fit,2000,2000,0,0,6293,4725,65,0.5411640211640212,0.435285,0.19033650661184295,0.0835480126119786,0.2980598009323186
supermat,pond,Probe,250,intercept_fit,2000,2000,0,0,6293,4725,65,0.5411640211640212,0.43634,0.1435537297141166,0.13380899697434404,0.17807691463629366
supermat,pond,NTP,250,intercept_fit,2000,2000,0,0,6293,4725,65,0.5411640211640212,0.43634,0.1889834588284981,0.08336114887029997,0.2812027961277889
supermat,pond,Probe,500,intercept_fit,2000,2000,0,0,6293,4725,65,0.5411640211640212,0.437912,0.1426984304414139,0.13380213897988985,0.17451073273230713
supermat,pond,NTP,500,intercept_fit,2000,2000,0,0,6293,4725,65,0.5411640211640212,0.437912,0.18794244444180197,0.08948367805403562,0.2715205874866164
supermat,pond,Probe,1000,intercept_fit,2000,2000,0,0,6293,4725,65,0.5411640211640212,0.4368355,0.14231420782096188,0.13379717968628518,0.1731028020911993
supermat,pond,NTP,1000,intercept_fit,2000,2000,0,0,6293,4725,65,0.5411640211640212,0.4368355,0.18752775182231995,0.08624401107922014,0.2657664497233661
supermat,nfix,Probe,0,none,0,0,0,0,2898,2906,41,0.3165863730213352,,0.6192929626832019,0.6192929626832019,0.6192929626832019
supermat,nfix,NTP,0,none,0,0,0,0,2898,2906,41,0.3165863730213352,,0.2607585291513138,0.2607585291513138,0.2607585291513138
supermat,nfix,Probe,50,intercept_fit,2000,2000,0,0,2898,2906,41,0.3165863730213352,0.26817,0.1381618666829778,0.11902120904702405,0.19768429150512268
supermat,nfix,NTP,50,intercept_fit,2000,2000,0,0,2898,2906,41,0.3165863730213352,0.26817,0.22609785054587872,0.2088900976533121,0.24089923136102845
supermat,nfix,Probe,100,intercept_fit,2000,2000,0,0,2898,2906,41,0.3165863730213352,0.269935,0.13581430499298355,0.11903206413918067,0.17800743822663284
supermat,nfix,NTP,100,intercept_fit,2000,2000,0,0,2898,2906,41,0.3165863730213352,0.269935,0.22715445832924802,0.2090181000848497,0.24056245857569708
supermat,nfix,Probe,250,intercept_fit,2000,2000,0,0,2898,2906,41,0.3165863730213352,0.268462,0.13337047091802046,0.11926761764743281,0.16000056224454434
supermat,nfix,NTP,250,intercept_fit,2000,2000,0,0,2898,2906,41,0.3165863730213352,0.268462,0.22765666900249967,0.20966678012234594,0.24039737522081017
supermat,nfix,Probe,500,intercept_fit,2000,2000,0,0,2898,2906,41,0.3165863730213352,0.26858799999999994,0.13287799794135013,0.1199076620781815,0.15562089468296514
supermat,nfix,NTP,500,intercept_fit,2000,2000,0,0,2898,2906,41,0.3165863730213352,0.26858799999999994,0.22816218807021646,0.2113716942910086,0.23962704705484444
supermat,nfix,Probe,1000,intercept_fit,2000,2000,0,0,2898,2906,41,0.3165863730213352,0.26893800000000007,0.13273096992213557,0.12044055851006111,0.15280471681967533
supermat,nfix,NTP,1000,intercept_fit,2000,2000,0,0,2898,2906,41,0.3165863730213352,0.26893800000000007,0.22842606739562127,0.21330917625927578,0.2393853671501039
supermat,supermat,Probe,0,none,0,0,0,0,2218,1867,85,0.4756293519014462,,0.3255158686574738,0.3255158686574738,0.3255158686574738
supermat,supermat,NTP,0,none,0,0,0,0,2218,1867,85,0.4756293519014462,,0.09026561965666138,0.09026561965666138,0.09026561965666138
supermat,supermat,Probe,50,intercept_fit,2000,2000,0,0,2218,1867,85,0.4756293519014462,0.33396,0.13494220227035986,0.0840589317107454,0.23117107178660928
supermat,supermat,NTP,50,intercept_fit,2000,2000,0,0,2218,1867,85,0.4756293519014462,0.33396,0.15815508826239505,0.050744912507537966,0.26532343460529545
supermat,supermat,Probe,100,intercept_fit,2000,2000,0,0,2218,1867,85,0.4756293519014462,0.33205499999999993,0.1325598698873414,0.0867710441465177,0.20373825043752178
supermat,supermat,NTP,100,intercept_fit,2000,2000,0,0,2218,1867,85,0.4756293519014462,0.33205499999999993,0.159525632098721,0.05781544379167021,0.24572265881057742
supermat,supermat,Probe,250,intercept_fit,2000,2000,0,0,2218,1867,85,0.4756293519014462,0.334792,0.12933950464899122,0.08912614984323154,0.18409809551991863
supermat,supermat,NTP,250,intercept_fit,2000,2000,0,0,2218,1867,85,0.4756293519014462,0.334792,0.15826765838407675,0.06960222061435874,0.22983694005685554
supermat,supermat,Probe,500,intercept_fit,2000,2000,0,0,2218,1867,85,0.4756293519014462,0.333816,0.12914916934383183,0.0915019793653202,0.17800922521367088
supermat,supermat,NTP,500,intercept_fit,2000,2000,0,0,2218,1867,85,0.4756293519014462,0.333816,0.1585249553484232,0.07712846152184236,0.22123705197341198
supermat,supermat,Probe,1000,intercept_fit,2000,2007,7,0,2218,1867,85,0.4756293519014462,0.333328,0.1287107977087273,0.091025693617759,0.17267696609820787
supermat,supermat,NTP,1000,intercept_fit,2000,2007,7,0,2218,1867,85,0.4756293519014462,0.333328,0.15849626786364485,0.07984763094266245,0.21713227460780862
