dataset,ecosystem,attribute,setting,method,threshold,unit,n,n_docs,n_nonpos,mean,std,q1,median,q3
pond,pond,surface_area,ground_truth,,,m^2,274,21,0,7042.576642335766,19199.188628202075,357.0,2287.5,5450.0
pond,pond,surface_area,extracted,,,m^2,326,24,2,12454.41790797546,62399.05680063972,298.0,834.0,4449.0
pond,pond,surface_area,valid,,,m^2,277,24,2,10150.631768953068,32377.92027814368,250.0,769.0,4385.0
pond,pond,surface_area,ntp_ge_0.00,ntp,0.0,m^2,326,24,2,12454.41790797546,62399.05680063972,298.0,834.0,4449.0
pond,pond,surface_area,ntp_ge_0.05,ntp,0.05,m^2,326,24,2,12454.41790797546,62399.05680063972,298.0,834.0,4449.0
pond,pond,surface_area,ntp_ge_0.10,ntp,0.1,m^2,326,24,2,12454.41790797546,62399.05680063972,298.0,834.0,4449.0
pond,pond,surface_area,ntp_ge_0.15,ntp,0.15,m^2,326,24,2,12454.41790797546,62399.05680063972,298.0,834.0,4449.0
pond,pond,surface_area,ntp_ge_0.20,ntp,0.2,m^2,260,24,0,9534.203846153847,30830.417380345618,300.0,800.0,4380.0
pond,pond,surface_area,ntp_ge_0.25,ntp,0.25,m^2,248,24,0,9058.391129032258,31081.18389221919,300.0,799.0,4238.5
pond,pond,surface_area,ntp_ge_0.30,ntp,0.3,m^2,241,23,0,8222.116182572614,27727.534978845702,300.0,800.0,4219.25
pond,pond,surface_area,ntp_ge_0.35,ntp,0.35,m^2,239,23,0,8195.585774058578,27834.347059165026,300.0,798.0,4188.0
pond,pond,surface_area,ntp_ge_0.40,ntp,0.4,m^2,235,23,0,8207.8,28032.582897025964,300.0,798.0,4188.0
pond,pond,surface_area,ntp_ge_0.45,ntp,0.45,m^2,235,23,0,8207.8,28032.582897025964,300.0,798.0,4188.0
pond,pond,surface_area,ntp_ge_0.50,ntp,0.5,m^2,232,23,0,8289.043103448275,28204.086081850262,300.0,799.0,4176.0
pond,pond,surface_area,ntp_ge_0.55,ntp,0.55,m^2,229,23,0,8379.558951965066,28377.66315722896,300.0,798.0,4219.25
pond,pond,surface_area,ntp_ge_0.60,ntp,0.6,m^2,229,23,0,8379.558951965066,28377.66315722896,300.0,798.0,4219.25
pond,pond,surface_area,ntp_ge_0.65,ntp,0.65,m^2,229,23,0,8379.558951965066,28377.66315722896,300.0,798.0,4219.25
pond,pond,surface_area,ntp_ge_0.70,ntp,0.7,m^2,227,23,0,8425.8281938326,28497.99729233428,300.0,769.0,4188.0
pond,pond,surface_area,ntp_ge_0.75,ntp,0.75,m^2,225,23,0,8496.711111111112,28614.904103442426,300.0,769.0,4219.25
pond,pond,surface_area,ntp_ge_0.80,ntp,0.8,m^2,223,23,0,8570.183856502243,28732.889796078845,300.0,798.0,4257.75
pond,pond,surface_area,ntp_ge_0.85,ntp,0.85,m^2,220,23,0,8644.681818181818,28920.432623355453,300.0,783.5,4238.5
pond,pond,surface_area,ntp_ge_0.90,ntp,0.9,m^2,211,22,0,8892.900473933649,29501.33929251267,300.0,769.0,4188.0
pond,pond,surface_area,ntp_ge_0.95,ntp,0.95,m^2,201,22,0,9137.41791044776,30177.53070604813,300.0,720.0,4219.25
pond,pond,surface_area,probe_ge_0.00,probe,0.0,m^2,326,24,2,12454.41790797546,62399.05680063972,298.0,834.0,4449.0
pond,pond,surface_area,probe_ge_0.05,probe,0.05,m^2,326,24,2,12454.41790797546,62399.05680063972,298.0,834.0,4449.0
pond,pond,surface_area,probe_ge_0.10,probe,0.1,m^2,323,24,2,9486.310643962848,30467.096292480463,278.5,821.0,4436.75
pond,pond,surface_area,probe_ge_0.15,probe,0.15,m^2,321,24,2,9530.700588785046,30556.365902285514,291.5,821.0,4412.25
pond,pond,surface_area,probe_ge_0.20,probe,0.2,m^2,311,23,2,9437.527636655948,30668.661397177006,255.5,800.0,4395.0
pond,pond,surface_area,probe_ge_0.25,probe,0.25,m^2,309,23,2,9451.718754045307,30766.762343627273,250.0,800.0,4380.0
pond,pond,surface_area,probe_ge_0.30,probe,0.3,m^2,303,23,2,9528.053448844885,31050.13567849831,250.0,798.0,4380.0
pond,pond,surface_area,probe_ge_0.35,probe,0.35,m^2,298,23,2,9607.147651006711,31299.176371705842,250.0,789.5,4369.0
pond,pond,surface_area,probe_ge_0.40,probe,0.4,m^2,288,22,2,9236.940972222223,31096.073241461138,250.0,744.5,4359.5
pond,pond,surface_area,probe_ge_0.45,probe,0.45,m^2,274,21,2,9017.83211678832,31591.554489039994,250.0,718.5,4200.0
pond,pond,surface_area,probe_ge_0.50,probe,0.5,m^2,262,21,2,7097.564885496183,22003.2676502577,242.0,700.0,4000.0
pond,pond,surface_area,probe_ge_0.55,probe,0.55,m^2,260,21,2,7111.161538461539,22087.350880095273,236.0,700.0,3937.0
pond,pond,surface_area,probe_ge_0.60,probe,0.6,m^2,246,18,2,7308.329268292683,22661.41819582883,230.0,700.0,3763.0
pond,pond,surface_area,probe_ge_0.65,probe,0.65,m^2,220,17,2,7581.059090909091,23518.735517627018,230.0,630.0,3743.5
pond,pond,surface_area,probe_ge_0.70,probe,0.7,m^2,195,17,2,6708.6,20887.66066424726,216.0,604.0,3387.5
pond,pond,surface_area,probe_ge_0.75,probe,0.75,m^2,183,17,2,6206.393442622951,18172.04343195074,216.0,613.0,3594.75
pond,pond,surface_area,probe_ge_0.80,probe,0.8,m^2,161,16,2,6505.006211180124,18596.61083688937,206.75,700.0,3791.75
pond,pond,surface_area,probe_ge_0.85,probe,0.85,m^2,111,14,1,6596.540540540541,20207.81020514044,225.0,821.0,4000.5
pond,pond,surface_area,probe_ge_0.90,probe,0.9,m^2,51,12,0,5365.254901960784,9733.92700782811,366.5,2200.0,4750.5
pond,pond,surface_area,probe_ge_0.95,probe,0.95,m^2,9,6,0,5074.444444444444,6483.126890457858,1190.5,2420.0,7802.5
pond,pond,max_depth,ground_truth,,,m,161,17,0,1.7232602484472048,1.6500771400634389,0.8,1.0,1.8050000000000002
pond,pond,max_depth,extracted,,,m,121,21,0,7.780035537190082,12.569022684274618,1.0,2.5,5.825
pond,pond,max_depth,valid,,,m,97,17,0,3.2930927835051547,5.4213669403313975,1.0,1.8,4.425000000000001
pond,pond,max_depth,ntp_ge_0.00,ntp,0.0,m,121,21,0,7.780035537190082,12.569022684274618,1.0,2.5,5.825
pond,pond,max_depth,ntp_ge_0.05,ntp,0.05,m,121,21,0,7.780035537190082,12.569022684274618,1.0,2.5,5.825
pond,pond,max_depth,ntp_ge_0.10,ntp,0.1,m,121,21,0,7.780035537190082,12.569022684274618,1.0,2.5,5.825
pond,pond,max_depth,ntp_ge_0.15,ntp,0.15,m,121,21,0,7.780035537190082,12.569022684274618,1.0,2.5,5.825
pond,pond,max_depth,ntp_ge_0.20,ntp,0.2,m,99,19,0,6.464848484848485,11.360039824919086,1.0,2.3,4.95
pond,pond,max_depth,ntp_ge_0.25,ntp,0.25,m,93,18,0,6.163655913978495,10.854577754484234,1.0,2.2,4.5
pond,pond,max_depth,ntp_ge_0.30,ntp,0.3,m,86,18,0,5.706046511627907,10.098328723584705,1.0,2.25,4.5
pond,pond,max_depth,ntp_ge_0.35,ntp,0.35,m,85,18,0,5.7614117647058825,10.145121529106298,1.0750000000000002,2.3,4.5
pond,pond,max_depth,ntp_ge_0.40,ntp,0.4,m,85,18,0,5.7614117647058825,10.145121529106298,1.0750000000000002,2.3,4.5
pond,pond,max_depth,ntp_ge_0.45,ntp,0.45,m,85,18,0,5.7614117647058825,10.145121529106298,1.0750000000000002,2.3,4.5
pond,pond,max_depth,ntp_ge_0.50,ntp,0.5,m,84,18,0,5.820476190476192,10.191340867921811,1.15,2.4,4.5
pond,pond,max_depth,ntp_ge_0.55,ntp,0.55,m,81,17,0,5.681728395061729,10.254801776500054,1.0750000000000002,2.2,4.5
pond,pond,max_depth,ntp_ge_0.60,ntp,0.6,m,80,17,0,5.69275,10.319018692305574,1.05,2.1,4.5
pond,pond,max_depth,ntp_ge_0.65,ntp,0.65,m,80,17,0,5.69275,10.319018692305574,1.05,2.1,4.5
pond,pond,max_depth,ntp_ge_0.70,ntp,0.7,m,79,17,0,5.701518987341773,10.384655604403584,1.025,2.0,4.475
pond,pond,max_depth,ntp_ge_0.75,ntp,0.75,m,78,17,0,5.581025641025643,10.396140466381578,1.0,2.0,4.4
pond,pond,max_depth,ntp_ge_0.80,ntp,0.8,m,77,17,0,5.556103896103897,10.461967103431078,1.0,2.0,4.1
pond,pond,max_depth,ntp_ge_0.85,ntp,0.85,m,74,17,0,5.1286486486486496,9.719283941763127,1.0,1.975,4.0
pond,pond,max_depth,ntp_ge_0.90,ntp,0.9,m,73,16,0,5.185205479452055,9.77427734037848,1.0750000000000002,2.0,4.0
pond,pond,max_depth,ntp_ge_0.95,ntp,0.95,m,68,15,0,5.2880882352941185,10.113263975141967,1.05,1.885,3.325
pond,pond,max_depth,probe_ge_0.00,probe,0.0,m,121,21,0,7.780035537190082,12.569022684274618,1.0,2.5,5.825
pond,pond,max_depth,probe_ge_0.05,probe,0.05,m,121,21,0,7.780035537190082,12.569022684274618,1.0,2.5,5.825
pond,pond,max_depth,probe_ge_0.10,probe,0.1,m,120,21,0,7.8405041666666655,12.604036974918337,1.0,2.75,5.85
pond,pond,max_depth,probe_ge_0.15,probe,0.15,m,115,20,0,6.909304347826087,11.590823027688389,1.0,2.5,5.574999999999999
pond,pond,max_depth,probe_ge_0.20,probe,0.2,m,114,20,0,6.658508771929825,11.324255448963243,1.0,2.5,5.5
pond,pond,max_depth,probe_ge_0.25,probe,0.25,m,110,20,0,6.373818181818181,11.356185073174009,1.0,2.25,5.0
pond,pond,max_depth,probe_ge_0.30,probe,0.3,m,110,20,0,6.373818181818181,11.356185073174009,1.0,2.25,5.0
pond,pond,max_depth,probe_ge_0.35,probe,0.35,m,108,20,0,6.047407407407405,11.200629602661602,1.0,2.1,5.0
pond,pond,max_depth,probe_ge_0.40,probe,0.4,m,104,18,0,5.487692307692308,10.535734866916483,1.0,1.975,4.5
pond,pond,max_depth,probe_ge_0.45,probe,0.45,m,99,15,0,5.154242424242424,9.886407912382461,1.0,1.82,4.5
pond,pond,max_depth,probe_ge_0.50,probe,0.5,m,97,15,0,4.872886597938145,9.468617018732074,1.0,1.82,4.5
pond,pond,max_depth,probe_ge_0.55,probe,0.55,m,95,14,0,4.947052631578948,9.553913632050994,1.0,1.82,4.5
pond,pond,max_depth,probe_ge_0.60,probe,0.6,m,88,14,0,4.718977272727273,8.668750594695913,1.0,2.15,4.5
pond,pond,max_depth,probe_ge_0.65,probe,0.65,m,84,14,0,4.894880952380952,8.836057766511422,1.0,2.5,4.65
pond,pond,max_depth,probe_ge_0.70,probe,0.7,m,76,13,0,4.748289473684212,8.417999823894492,1.1,2.75,4.65
pond,pond,max_depth,probe_ge_0.75,probe,0.75,m,67,12,0,5.024925373134329,8.897554885972433,1.05,3.0,4.725
pond,pond,max_depth,probe_ge_0.80,probe,0.8,m,52,10,0,5.004230769230771,8.62269607674861,1.55,3.2,4.9
pond,pond,max_depth,probe_ge_0.85,probe,0.85,m,46,8,0,5.522826086956522,9.048323518885443,2.5,3.6,5.0
pond,pond,max_depth,probe_ge_0.90,probe,0.9,m,32,2,0,4.090625,1.319911867781208,3.0,4.2,5.0
pond,pond,max_depth,probe_ge_0.95,probe,0.95,m,29,2,0,4.075862068965518,1.2679159425760147,3.0,4.0,4.85
pond,pond,ph,ground_truth,,,,115,8,0,7.409652173913043,1.2132007328989858,6.765,7.72,8.3
pond,pond,ph,extracted,,,,181,12,0,6.390629834254142,2.454607760246131,5.675,7.28,7.9725
pond,pond,ph,valid,,,,145,11,0,7.224689655172413,1.149385134643503,6.5,7.6,8.0025
pond,pond,ph,ntp_ge_0.00,ntp,0.0,,181,12,0,6.390629834254142,2.454607760246131,5.675,7.28,7.9725
pond,pond,ph,ntp_ge_0.05,ntp,0.05,,181,12,0,6.390629834254142,2.454607760246131,5.675,7.28,7.9725
pond,pond,ph,ntp_ge_0.10,ntp,0.1,,181,12,0,6.390629834254142,2.454607760246131,5.675,7.28,7.9725
pond,pond,ph,ntp_ge_0.15,ntp,0.15,,181,12,0,6.390629834254142,2.454607760246131,5.675,7.28,7.9725
pond,pond,ph,ntp_ge_0.20,ntp,0.2,,99,11,0,7.042222222222222,1.221601955576562,6.2225,7.5,8.0
pond,pond,ph,ntp_ge_0.25,ntp,0.25,,89,9,0,7.034606741573034,1.2211610125574752,6.3875,7.5,8.0
pond,pond,ph,ntp_ge_0.30,ntp,0.3,,82,9,0,7.025365853658536,1.2613927195341295,6.2,7.55,8.0
pond,pond,ph,ntp_ge_0.35,ntp,0.35,,80,9,0,7.02425,1.2740156537797913,6.1,7.55,8.0
pond,pond,ph,ntp_ge_0.40,ntp,0.4,,74,8,0,6.996756756756756,1.247343597254283,6.0,7.5,8.0
pond,pond,ph,ntp_ge_0.45,ntp,0.45,,74,8,0,6.996756756756756,1.247343597254283,6.0,7.5,8.0
pond,pond,ph,ntp_ge_0.50,ntp,0.5,,71,8,0,7.019859154929578,1.234553120951344,6.05,7.5,7.975
pond,pond,ph,ntp_ge_0.55,ntp,0.55,,70,8,0,7.018714285714286,1.2434290145745008,6.0,7.5,8.0
pond,pond,ph,ntp_ge_0.60,ntp,0.6,,69,8,0,7.008840579710145,1.2497711981562207,6.0,7.5,8.0
pond,pond,ph,ntp_ge_0.65,ntp,0.65,,69,8,0,7.008840579710145,1.2497711981562207,6.0,7.5,8.0
pond,pond,ph,ntp_ge_0.70,ntp,0.7,,65,8,0,7.014153846153846,1.2551106678144115,6.0,7.5,8.0
pond,pond,ph,ntp_ge_0.75,ntp,0.75,,63,8,0,7.0384126984126985,1.2621630260597396,6.05,7.5,8.0
pond,pond,ph,ntp_ge_0.80,ntp,0.8,,61,7,0,7.014754098360656,1.2760010534966617,6.0,7.5,8.0
pond,pond,ph,ntp_ge_0.85,ntp,0.85,,61,7,0,7.014754098360656,1.2760010534966617,6.0,7.5,8.0
pond,pond,ph,ntp_ge_0.90,ntp,0.9,,55,7,0,6.927272727272726,1.2878570408146075,5.925000000000001,7.31,7.875
pond,pond,ph,ntp_ge_0.95,ntp,0.95,,50,7,0,6.924000000000001,1.2415033677944245,6.0,7.244999999999999,7.8
pond,pond,ph,probe_ge_0.00,probe,0.0,,181,12,0,6.390629834254142,2.454607760246131,5.675,7.28,7.9725
pond,pond,ph,probe_ge_0.05,probe,0.05,,177,12,0,6.428531073446327,2.4179263750153486,5.83,7.31,7.9725
pond,pond,ph,probe_ge_0.10,probe,0.1,,174,12,0,6.498103448275862,2.340876294763755,5.9,7.32,7.98
pond,pond,ph,probe_ge_0.15,probe,0.15,,167,12,0,6.458203592814371,2.378659138180514,5.83,7.31,7.985
pond,pond,ph,probe_ge_0.20,probe,0.2,,159,12,0,6.481616352201258,2.311476756301215,5.83,7.31,7.97
pond,pond,ph,probe_ge_0.25,probe,0.25,,154,12,0,6.4798311688311685,2.2724688132639903,5.83,7.295,7.9
pond,pond,ph,probe_ge_0.30,probe,0.3,,150,12,0,6.441226666666666,2.2868241192326644,5.7,7.255000000000001,7.83
pond,pond,ph,probe_ge_0.35,probe,0.35,,147,12,0,6.418326530612245,2.304290210042894,5.625,7.18,7.875
pond,pond,ph,probe_ge_0.40,probe,0.4,,141,11,0,6.426858156028368,2.27332934444352,5.675,7.1,7.825
pond,pond,ph,probe_ge_0.45,probe,0.45,,133,11,0,6.405766917293232,2.258954859862685,5.6,6.92,7.825
pond,pond,ph,probe_ge_0.50,probe,0.5,,123,11,0,6.375634146341463,2.1694865195471027,5.6,6.86,7.797499999999999
pond,pond,ph,probe_ge_0.55,probe,0.55,,112,11,0,6.536535714285714,1.9439272264609244,5.715,6.880000000000001,7.8
pond,pond,ph,probe_ge_0.60,probe,0.6,,100,10,0,6.501849999999999,1.7943066040657432,5.6,6.8,7.795
pond,pond,ph,probe_ge_0.65,probe,0.65,,87,10,0,6.378678160919541,1.8688893387066718,5.5,6.72,7.7
pond,pond,ph,probe_ge_0.70,probe,0.7,,75,9,0,6.379533333333334,1.8257742107030839,5.5,6.5,7.6850000000000005
pond,pond,ph,probe_ge_0.75,probe,0.75,,68,8,0,6.254779411764705,1.854474909353196,5.5,6.5,7.55
pond,pond,ph,probe_ge_0.80,probe,0.8,,50,4,0,6.23,1.6141807804074284,5.5,6.5,7.5
pond,pond,ph,probe_ge_0.85,probe,0.85,,33,3,0,6.221515151515152,1.28304111686873,5.475,6.5,7.199999999999999
pond,pond,ph,probe_ge_0.90,probe,0.9,,20,2,0,5.9375,1.1214270748517383,5.25,6.0,6.8
pond,pond,ph,probe_ge_0.95,probe,0.95,,7,1,0,5.857142857142857,0.8017837257372732,5.5,5.5,6.0
pond,pond,chla,ground_truth,,,µg/L,41,3,12,0.8097560975609757,0.7841571519946688,0.0,0.8,1.225
pond,pond,chla,extracted,,,µg/L,73,9,0,71.83780821917809,212.53673863623996,1.925,23.9,78.775
pond,pond,chla,valid,,,µg/L,57,7,0,35.670175438596495,68.20509764388238,1.375,8.6,30.1
pond,pond,chla,ntp_ge_0.00,ntp,0.0,µg/L,73,9,0,71.83780821917809,212.53673863623996,1.925,23.9,78.775
pond,pond,chla,ntp_ge_0.05,ntp,0.05,µg/L,73,9,0,71.83780821917809,212.53673863623996,1.925,23.9,78.775
pond,pond,chla,ntp_ge_0.10,ntp,0.1,µg/L,73,9,0,71.83780821917809,212.53673863623996,1.925,23.9,78.775
pond,pond,chla,ntp_ge_0.15,ntp,0.15,µg/L,73,9,0,71.83780821917809,212.53673863623996,1.925,23.9,78.775
pond,pond,chla,ntp_ge_0.20,ntp,0.2,µg/L,41,5,0,80.75609756097562,275.1433354169972,1.6,23.8,31.35
pond,pond,chla,ntp_ge_0.25,ntp,0.25,µg/L,33,4,0,85.14242424242425,300.6184854078993,1.6,23.8,31.35
pond,pond,chla,ntp_ge_0.30,ntp,0.3,µg/L,28,4,0,88.61785714285715,326.06382248875576,1.5,16.0,30.4
pond,pond,chla,ntp_ge_0.35,ntp,0.35,µg/L,26,4,0,92.90384615384616,338.33649224494746,1.7,16.0,29.8
pond,pond,chla,ntp_ge_0.40,ntp,0.4,µg/L,25,4,0,27.02,41.00141257729218,1.6,8.6,28.900000000000002
pond,pond,chla,ntp_ge_0.45,ntp,0.45,µg/L,25,4,0,27.02,41.00141257729218,1.6,8.6,28.900000000000002
pond,pond,chla,ntp_ge_0.50,ntp,0.5,µg/L,25,4,0,27.02,41.00141257729218,1.6,8.6,28.900000000000002
pond,pond,chla,ntp_ge_0.55,ntp,0.55,µg/L,23,4,0,28.182608695652174,42.48504177594224,1.4,8.6,29.5
pond,pond,chla,ntp_ge_0.60,ntp,0.6,µg/L,21,4,0,22.27619047619048,34.420559332496396,1.25,7.7,28.825
pond,pond,chla,ntp_ge_0.65,ntp,0.65,µg/L,21,4,0,22.27619047619048,34.420559332496396,1.25,7.7,28.825
pond,pond,chla,ntp_ge_0.70,ntp,0.7,µg/L,17,4,0,16.747058823529414,21.60003233930041,1.2,7.6,28.75
pond,pond,chla,ntp_ge_0.75,ntp,0.75,µg/L,17,4,0,16.747058823529414,21.60003233930041,1.2,7.6,28.75
pond,pond,chla,ntp_ge_0.80,ntp,0.8,µg/L,17,4,0,16.747058823529414,21.60003233930041,1.2,7.6,28.75
pond,pond,chla,ntp_ge_0.85,ntp,0.85,µg/L,17,4,0,16.747058823529414,21.60003233930041,1.2,7.6,28.75
pond,pond,chla,ntp_ge_0.90,ntp,0.9,µg/L,15,3,0,13.166666666666668,13.4961193717023,1.0,7.6,28.2
pond,pond,chla,ntp_ge_0.95,ntp,0.95,µg/L,12,3,0,11.116666666666667,12.270573323890359,1.1,5.5,25.5
pond,pond,chla,probe_ge_0.00,probe,0.0,µg/L,73,9,0,71.83780821917809,212.53673863623996,1.925,23.9,78.775
pond,pond,chla,probe_ge_0.05,probe,0.05,µg/L,72,9,0,71.76611111111112,214.02735382343897,1.85,23.85,74.69999999999999
pond,pond,chla,probe_ge_0.10,probe,0.1,µg/L,72,9,0,71.76611111111112,214.02735382343897,1.85,23.85,74.69999999999999
pond,pond,chla,probe_ge_0.15,probe,0.15,µg/L,69,8,0,74.0159420289855,218.39769958333056,1.925,23.8,84.1
pond,pond,chla,probe_ge_0.20,probe,0.2,µg/L,61,7,0,66.56557377049181,227.61628594723908,1.475,9.7,33.075
pond,pond,chla,probe_ge_0.25,probe,0.25,µg/L,54,7,0,66.84074074074073,241.36483972618038,1.3,8.25,29.8
pond,pond,chla,probe_ge_0.30,probe,0.3,µg/L,46,6,0,68.01304347826087,261.11201309331307,1.1,6.85,28.5
pond,pond,chla,probe_ge_0.35,probe,0.35,µg/L,37,6,0,75.95945945945945,291.04984343985893,0.875,2.9,27.85
pond,pond,chla,probe_ge_0.40,probe,0.4,µg/L,30,6,0,76.57666666666665,322.09556911525215,0.8,1.85,7.7
pond,pond,chla,probe_ge_0.45,probe,0.45,µg/L,25,5,0,90.71599999999998,352.2691545300743,0.8,2.0,7.825
pond,pond,chla,probe_ge_0.50,probe,0.5,µg/L,23,5,0,96.10869565217389,367.4161696756559,0.8,1.7,6.875
pond,pond,chla,probe_ge_0.55,probe,0.55,µg/L,20,4,0,109.71999999999996,393.46257308802905,0.8,1.6,4.05
pond,pond,chla,probe_ge_0.60,probe,0.6,µg/L,17,4,0,127.1941176470588,426.2009978733453,0.775,1.3,3.725
pond,pond,chla,probe_ge_0.65,probe,0.65,µg/L,16,3,0,134.84999999999997,438.9695539935923,0.75,1.2000000000000002,3.15
pond,pond,chla,probe_ge_0.70,probe,0.7,µg/L,16,3,0,134.84999999999997,438.9695539935923,0.75,1.2000000000000002,3.15
pond,pond,chla,probe_ge_0.75,probe,0.75,µg/L,13,3,0,31.861538461538462,108.22842000803622,0.775,1.1,2.725
pond,pond,chla,probe_ge_0.80,probe,0.8,µg/L,8,3,0,2.1125,2.5407746287866058,0.8500000000000001,1.2000000000000002,2.1
pond,pond,chla,probe_ge_0.85,probe,0.85,µg/L,1,1,0,1.7,,1.7,1.7,1.7
pond,pond,chla,probe_ge_0.90,probe,0.9,µg/L,1,1,0,1.7,,1.7,1.7,1.7
pond,pond,chla,probe_ge_0.95,probe,0.95,µg/L,0,0,0,,,,,
pond,lake,surface_area,ground_truth,,,m^2,197,26,0,47392.395939086295,50378.41161765565,6045.75,28000.0,83750.0
pond,lake,surface_area,extracted,,,m^2,243,27,0,161625.98765432098,217832.9954448477,12650.0,58000.0,211250.0
pond,lake,surface_area,valid,,,m^2,186,26,0,164625.3494623656,221589.94324033658,11000.0,53088.5,240000.0
pond,lake,surface_area,ntp_ge_0.00,ntp,0.0,m^2,243,27,0,161625.98765432098,217832.9954448477,12650.0,58000.0,211250.0
pond,lake,surface_area,ntp_ge_0.05,ntp,0.05,m^2,243,27,0,161625.98765432098,217832.9954448477,12650.0,58000.0,211250.0
pond,lake,surface_area,ntp_ge_0.10,ntp,0.1,m^2,243,27,0,161625.98765432098,217832.9954448477,12650.0,58000.0,211250.0
pond,lake,surface_area,ntp_ge_0.15,ntp,0.15,m^2,243,27,0,161625.98765432098,217832.9954448477,12650.0,58000.0,211250.0
pond,lake,surface_area,ntp_ge_0.20,ntp,0.2,m^2,190,27,0,164606.77368421052,216839.31494348563,11000.0,56500.0,240000.0
pond,lake,surface_area,ntp_ge_0.25,ntp,0.25,m^2,182,26,0,164300.56043956045,218403.91841003092,11000.0,55500.0,240000.0
pond,lake,surface_area,ntp_ge_0.30,ntp,0.3,m^2,179,26,0,164199.45251396648,219574.88901647532,11000.0,55000.0,240000.0
pond,lake,surface_area,ntp_ge_0.35,ntp,0.35,m^2,179,26,0,164199.45251396648,219574.88901647532,11000.0,55000.0,240000.0
pond,lake,surface_area,ntp_ge_0.40,ntp,0.4,m^2,176,26,0,163727.17613636365,219567.8115301387,10738.0,55500.0,240000.0
pond,lake,surface_area,ntp_ge_0.45,ntp,0.45,m^2,176,26,0,163727.17613636365,219567.8115301387,10738.0,55500.0,240000.0
pond,lake,surface_area,ntp_ge_0.50,ntp,0.5,m^2,175,26,0,161457.04571428572,218116.6330650945,10607.0,55000.0,235250.0
pond,lake,surface_area,ntp_ge_0.55,ntp,0.55,m^2,173,26,0,161803.36994219653,219317.73858711703,10382.0,52200.0,240000.0
pond,lake,surface_area,ntp_ge_0.60,ntp,0.6,m^2,172,26,0,162721.9941860465,219624.03159316123,10738.0,53600.0,240000.0
pond,lake,surface_area,ntp_ge_0.65,ntp,0.65,m^2,172,26,0,162721.9941860465,219624.03159316123,10738.0,53600.0,240000.0
pond,lake,surface_area,ntp_ge_0.70,ntp,0.7,m^2,172,26,0,162721.9941860465,219624.03159316123,10738.0,53600.0,240000.0
pond,lake,surface_area,ntp_ge_0.75,ntp,0.75,m^2,170,26,0,164158.43529411763,220513.04004712997,10476.0,55500.0,240000.0
pond,lake,surface_area,ntp_ge_0.80,ntp,0.8,m^2,169,26,0,165041.02958579882,220866.99099133076,10382.0,56000.0,244750.0
pond,lake,surface_area,ntp_ge_0.85,ntp,0.85,m^2,168,26,0,165100.79761904763,221525.91166208815,10288.0,55500.0,249500.0
pond,lake,surface_area,ntp_ge_0.90,ntp,0.9,m^2,168,26,0,165100.79761904763,221525.91166208815,10288.0,55500.0,249500.0
pond,lake,surface_area,ntp_ge_0.95,ntp,0.95,m^2,165,25,0,164786.87272727274,221101.38656160753,10382.0,56000.0,244750.0
pond,lake,surface_area,probe_ge_0.00,probe,0.0,m^2,243,27,0,161625.98765432098,217832.9954448477,12650.0,58000.0,211250.0
pond,lake,surface_area,probe_ge_0.05,probe,0.05,m^2,243,27,0,161625.98765432098,217832.9954448477,12650.0,58000.0,211250.0
pond,lake,surface_area,probe_ge_0.10,probe,0.1,m^2,243,27,0,161625.98765432098,217832.9954448477,12650.0,58000.0,211250.0
pond,lake,surface_area,probe_ge_0.15,probe,0.15,m^2,237,27,0,160405.54852320676,213163.9004729107,13550.0,58000.0,215682.0
pond,lake,surface_area,probe_ge_0.20,probe,0.2,m^2,219,27,0,166388.50684931508,218724.0509517354,12650.0,60000.0,239750.0
pond,lake,surface_area,probe_ge_0.25,probe,0.25,m^2,210,27,0,167043.25238095238,221591.72312997415,11399.999999999998,58000.0,240000.0
pond,lake,surface_area,probe_ge_0.30,probe,0.3,m^2,201,26,0,171968.4328358209,224845.3921293846,11000.0,59000.0,260000.0
pond,lake,surface_area,probe_ge_0.35,probe,0.35,m^2,197,26,0,175115.3045685279,225998.89838840833,12150.0,60000.0,263000.0
pond,lake,surface_area,probe_ge_0.40,probe,0.4,m^2,190,26,0,180122.93157894738,228341.19151789087,12200.0,74000.0,270000.0
pond,lake,surface_area,probe_ge_0.45,probe,0.45,m^2,180,26,0,184265.09444444443,232385.8363598741,15000.0,74000.0,283500.0
pond,lake,surface_area,probe_ge_0.50,probe,0.5,m^2,165,24,0,187657.12121212122,234709.32355029366,14750.0,90000.0,289250.0
pond,lake,surface_area,probe_ge_0.55,probe,0.55,m^2,149,24,0,189260.10067114094,239623.87521707977,11750.0,90000.0,299500.0
pond,lake,surface_area,probe_ge_0.60,probe,0.6,m^2,135,24,0,178972.12592592594,230407.82476780232,11000.0,70000.0,268250.0
pond,lake,surface_area,probe_ge_0.65,probe,0.65,m^2,120,24,0,173751.3,231410.39683493954,10088.0,56000.0,264500.0
pond,lake,surface_area,probe_ge_0.70,probe,0.7,m^2,108,22,0,176102.7314814815,240324.2572265396,8850.0,50000.0,277500.0
pond,lake,surface_area,probe_ge_0.75,probe,0.75,m^2,87,19,0,183182.93103448275,254862.4367012478,6236.5,50000.0,306500.0
pond,lake,surface_area,probe_ge_0.80,probe,0.8,m^2,72,19,0,180280.66666666666,257384.0482025387,5653.5,46500.0,277500.0
pond,lake,surface_area,probe_ge_0.85,probe,0.85,m^2,37,9,0,189867.02702702704,255013.37887664358,7107.5,50000.0,313250.0
pond,lake,surface_area,probe_ge_0.90,probe,0.9,m^2,18,7,0,198786.05555555556,285033.5838558373,4336.0,49500.0,323000.0
pond,lake,surface_area,probe_ge_0.95,probe,0.95,m^2,1,1,0,100000.0,,100000.0,100000.0,100000.0
pond,lake,max_depth,ground_truth,,,m,99,17,0,4.0206060606060605,2.477844198863287,1.8,4.3,5.675
pond,lake,max_depth,extracted,,,m,200,26,0,7.8277,9.10487851505276,1.9,5.25,9.65
pond,lake,max_depth,valid,,,m,114,23,0,7.486491228070176,9.43006141952578,1.54,5.0,8.0
pond,lake,max_depth,ntp_ge_0.00,ntp,0.0,m,200,26,0,7.8277,9.10487851505276,1.9,5.25,9.65
pond,lake,max_depth,ntp_ge_0.05,ntp,0.05,m,200,26,0,7.8277,9.10487851505276,1.9,5.25,9.65
pond,lake,max_depth,ntp_ge_0.10,ntp,0.1,m,200,26,0,7.8277,9.10487851505276,1.9,5.25,9.65
pond,lake,max_depth,ntp_ge_0.15,ntp,0.15,m,200,26,0,7.8277,9.10487851505276,1.9,5.25,9.65
pond,lake,max_depth,ntp_ge_0.20,ntp,0.2,m,118,24,0,7.69771186440678,8.399087599106515,2.8,5.4,8.3
pond,lake,max_depth,ntp_ge_0.25,ntp,0.25,m,108,24,0,7.480092592592593,8.418769694493168,2.8,5.4,8.0
pond,lake,max_depth,ntp_ge_0.30,ntp,0.3,m,105,23,0,7.3533333333333335,8.152789596520213,2.8,5.4,8.0
pond,lake,max_depth,ntp_ge_0.35,ntp,0.35,m,102,23,0,7.102450980392156,7.262670926231052,3.0,5.4,8.0
pond,lake,max_depth,ntp_ge_0.40,ntp,0.4,m,99,23,0,6.505555555555556,5.492752966172089,3.0,5.4,7.975
pond,lake,max_depth,ntp_ge_0.45,ntp,0.45,m,99,23,0,6.505555555555556,5.492752966172089,3.0,5.4,7.975
pond,lake,max_depth,ntp_ge_0.50,ntp,0.5,m,98,23,0,6.534183673469388,5.513564701578606,3.0,5.4,8.0
pond,lake,max_depth,ntp_ge_0.55,ntp,0.55,m,96,23,0,6.415104166666666,5.341903858283145,2.9,5.4,7.95
pond,lake,max_depth,ntp_ge_0.60,ntp,0.6,m,95,23,0,6.145789473684211,4.6693166794595875,2.8499999999999996,5.4,7.875
pond,lake,max_depth,ntp_ge_0.65,ntp,0.65,m,95,23,0,6.145789473684211,4.6693166794595875,2.8499999999999996,5.4,7.875
pond,lake,max_depth,ntp_ge_0.70,ntp,0.7,m,92,23,0,6.199239130434783,4.680069322698668,3.25,5.4,7.85
pond,lake,max_depth,ntp_ge_0.75,ntp,0.75,m,91,23,0,6.250879120879121,4.679567797790174,3.5,5.4,7.875
pond,lake,max_depth,ntp_ge_0.80,ntp,0.8,m,91,23,0,6.250879120879121,4.679567797790174,3.5,5.4,7.875
pond,lake,max_depth,ntp_ge_0.85,ntp,0.85,m,89,23,0,6.254831460674158,4.730735362873771,3.375,5.4,7.925000000000001
pond,lake,max_depth,ntp_ge_0.90,ntp,0.9,m,89,23,0,6.254831460674158,4.730735362873771,3.375,5.4,7.925000000000001
pond,lake,max_depth,ntp_ge_0.95,ntp,0.95,m,79,22,0,6.393417721518987,4.820574996577757,3.5,5.4,7.875
pond,lake,max_depth,probe_ge_0.00,probe,0.0,m,200,26,0,7.8277,9.10487851505276,1.9,5.25,9.65
pond,lake,max_depth,probe_ge_0.05,probe,0.05,m,198,26,0,7.800454545454546,9.113292756653973,1.8,5.25,9.3
pond,lake,max_depth,probe_ge_0.10,probe,0.1,m,198,26,0,7.800454545454546,9.113292756653973,1.8,5.25,9.3
pond,lake,max_depth,probe_ge_0.15,probe,0.15,m,194,26,0,7.807680412371134,9.158883469348575,2.0,5.25,9.0
pond,lake,max_depth,probe_ge_0.20,probe,0.2,m,191,26,0,7.854659685863873,9.218009133407103,1.85,5.25,9.225000000000001
pond,lake,max_depth,probe_ge_0.25,probe,0.25,m,188,26,0,7.895425531914895,9.284386947689375,1.8,5.25,9.65
pond,lake,max_depth,probe_ge_0.30,probe,0.3,m,188,26,0,7.895425531914895,9.284386947689375,1.8,5.25,9.65
pond,lake,max_depth,probe_ge_0.35,probe,0.35,m,177,26,0,7.595141242937854,8.801121448903327,1.7775,5.25,8.850000000000001
pond,lake,max_depth,probe_ge_0.40,probe,0.4,m,167,26,0,7.823473053892215,8.987783806075415,1.7825,5.3,9.825
pond,lake,max_depth,probe_ge_0.45,probe,0.45,m,158,25,0,7.830506329113924,9.187286202545103,1.69,5.25,9.3
pond,lake,max_depth,probe_ge_0.50,probe,0.5,m,143,24,0,8.001468531468532,9.561806797707158,1.6125,5.2,9.825
pond,lake,max_depth,probe_ge_0.55,probe,0.55,m,133,24,0,7.716842105263157,9.363846850036634,1.53,5.0,8.55
pond,lake,max_depth,probe_ge_0.60,probe,0.6,m,120,24,0,7.286083333333333,8.78489118328969,1.5,5.0,8.1
pond,lake,max_depth,probe_ge_0.65,probe,0.65,m,107,20,0,7.583644859813084,9.204497197845107,1.5,5.0,8.275
pond,lake,max_depth,probe_ge_0.70,probe,0.7,m,92,19,0,7.111413043478261,8.729613686998045,1.33,4.95,7.95
pond,lake,max_depth,probe_ge_0.75,probe,0.75,m,80,16,0,7.190375,8.648426569964963,1.4300000000000002,5.0,8.0
pond,lake,max_depth,probe_ge_0.80,probe,0.8,m,59,14,0,6.198813559322034,5.551831970013255,1.315,4.9,7.975
pond,lake,max_depth,probe_ge_0.85,probe,0.85,m,43,11,0,5.888372093023255,5.253599641349121,1.2775,4.5,10.625
pond,lake,max_depth,probe_ge_0.90,probe,0.9,m,16,8,0,7.061249999999999,4.64987580479307,3.25,6.5,12.0
pond,lake,max_depth,probe_ge_0.95,probe,0.95,m,1,1,0,3.5,,3.5,3.5,3.5
pond,lake,ph,ground_truth,,,,73,16,0,7.52123287671233,1.0896902531421477,7.2675,7.8,8.125
pond,lake,ph,extracted,,,,106,17,0,6.894905660377359,1.5944070372834795,6.18,7.1,8.0
pond,lake,ph,valid,,,,94,16,0,7.06563829787234,1.35013225836458,6.2,7.1,8.0
pond,lake,ph,ntp_ge_0.00,ntp,0.0,,106,17,0,6.894905660377359,1.5944070372834795,6.18,7.1,8.0
pond,lake,ph,ntp_ge_0.05,ntp,0.05,,106,17,0,6.894905660377359,1.5944070372834795,6.18,7.1,8.0
pond,lake,ph,ntp_ge_0.10,ntp,0.1,,106,17,0,6.894905660377359,1.5944070372834795,6.18,7.1,8.0
pond,lake,ph,ntp_ge_0.15,ntp,0.15,,106,17,0,6.894905660377359,1.5944070372834795,6.18,7.1,8.0
pond,lake,ph,ntp_ge_0.20,ntp,0.2,,38,12,0,6.580789473684211,1.3722429490573282,5.3,6.9,7.8
pond,lake,ph,ntp_ge_0.25,ntp,0.25,,30,10,0,6.519000000000001,1.3903617738088765,5.3,6.75,7.8
pond,lake,ph,ntp_ge_0.30,ntp,0.3,,27,10,0,6.413703703703704,1.3624049667581564,5.075,6.5,7.574999999999999
pond,lake,ph,ntp_ge_0.35,ntp,0.35,,26,10,0,6.360384615384617,1.3603543090510817,5.0,6.45,7.5
pond,lake,ph,ntp_ge_0.40,ntp,0.4,,26,10,0,6.360384615384617,1.3603543090510817,5.0,6.45,7.5
pond,lake,ph,ntp_ge_0.45,ntp,0.45,,26,10,0,6.360384615384617,1.3603543090510817,5.0,6.45,7.5
pond,lake,ph,ntp_ge_0.50,ntp,0.5,,26,10,0,6.360384615384617,1.3603543090510817,5.0,6.45,7.5
pond,lake,ph,ntp_ge_0.55,ntp,0.55,,24,10,0,6.490416666666667,1.3346338992126403,5.35,6.75,7.55
pond,lake,ph,ntp_ge_0.60,ntp,0.6,,23,10,0,6.537826086956523,1.3438071984333408,5.325,7.0,7.574999999999999
pond,lake,ph,ntp_ge_0.65,ntp,0.65,,23,10,0,6.537826086956523,1.3438071984333408,5.325,7.0,7.574999999999999
pond,lake,ph,ntp_ge_0.70,ntp,0.7,,21,10,0,6.631904761904762,1.3554616152721517,5.375,7.0,7.6499999999999995
pond,lake,ph,ntp_ge_0.75,ntp,0.75,,21,10,0,6.631904761904762,1.3554616152721517,5.375,7.0,7.6499999999999995
pond,lake,ph,ntp_ge_0.80,ntp,0.8,,18,9,0,6.698333333333334,1.4204980485316947,5.3,7.1,7.8
pond,lake,ph,ntp_ge_0.85,ntp,0.85,,17,9,0,6.6511764705882355,1.4496201327974736,5.225,7.0,7.825
pond,lake,ph,ntp_ge_0.90,ntp,0.9,,17,9,0,6.6511764705882355,1.4496201327974736,5.225,7.0,7.825
pond,lake,ph,ntp_ge_0.95,ntp,0.95,,16,9,0,6.573124999999999,1.4598023553435808,5.15,7.0,7.699999999999999
pond,lake,ph,probe_ge_0.00,probe,0.0,,106,17,0,6.894905660377359,1.5944070372834795,6.18,7.1,8.0
pond,lake,ph,probe_ge_0.05,probe,0.05,,104,16,0,6.864038461538461,1.5909095641251247,6.09,7.05,7.95
pond,lake,ph,probe_ge_0.10,probe,0.1,,104,16,0,6.864038461538461,1.5909095641251247,6.09,7.05,7.95
pond,lake,ph,probe_ge_0.15,probe,0.15,,103,16,0,6.860776699029126,1.5983396344027514,6.045,7.0,7.975
pond,lake,ph,probe_ge_0.20,probe,0.2,,102,16,0,6.873137254901962,1.60127794285736,6.18,7.05,8.0
pond,lake,ph,probe_ge_0.25,probe,0.25,,100,16,0,6.8938999999999995,1.5885263452316267,6.1899999999999995,7.05,8.0
pond,lake,ph,probe_ge_0.30,probe,0.3,,99,16,0,6.904949494949493,1.5927433487458775,6.2,7.1,8.0
pond,lake,ph,probe_ge_0.35,probe,0.35,,99,16,0,6.904949494949493,1.5927433487458775,6.2,7.1,8.0
pond,lake,ph,probe_ge_0.40,probe,0.4,,97,16,0,6.971134020618556,1.459127076577422,6.2,7.1,8.0225
pond,lake,ph,probe_ge_0.45,probe,0.45,,94,16,0,7.036170212765958,1.360134486063216,6.2,7.1,8.09
pond,lake,ph,probe_ge_0.50,probe,0.5,,89,16,0,7.087640449438202,1.3074359209675093,6.3925,7.1,8.0925
pond,lake,ph,probe_ge_0.55,probe,0.55,,83,16,0,7.06867469879518,1.297879857535336,6.3775,7.1,8.067499999999999
pond,lake,ph,probe_ge_0.60,probe,0.6,,80,16,0,7.071250000000001,1.2958242330802332,6.385,7.105,8.045
pond,lake,ph,probe_ge_0.65,probe,0.65,,76,15,0,7.103815789473684,1.2146560194614913,6.445,7.115,8.045
pond,lake,ph,probe_ge_0.70,probe,0.7,,70,13,0,7.1979999999999995,1.2105772967077928,6.5,7.25,8.1
pond,lake,ph,probe_ge_0.75,probe,0.75,,58,12,0,7.109137931034483,1.121786301822699,6.5,7.2,7.9
pond,lake,ph,probe_ge_0.80,probe,0.8,,45,10,0,7.053333333333334,1.1049619491597478,6.4975000000000005,7.2,7.9
pond,lake,ph,probe_ge_0.85,probe,0.85,,28,8,0,7.055,1.0256759288932888,6.5,7.35,7.8
pond,lake,ph,probe_ge_0.90,probe,0.9,,22,7,0,6.924090909090908,1.0258592639525312,6.5,7.25,7.63
pond,lake,ph,probe_ge_0.95,probe,0.95,,6,5,0,6.833333333333332,0.4226897995772628,6.5,6.9,7.2
pond,lake,chla,ground_truth,,,µg/L,123,15,11,32.84552845528455,79.47953366008764,4.925000000000001,13.8,27.55
pond,lake,chla,extracted,,,µg/L,112,12,1,65.18571428571428,281.191427488782,3.8499999999999996,7.75,25.25
pond,lake,chla,valid,,,µg/L,92,11,1,44.35978260869565,271.78087167963315,3.4,6.35,16.549999999999997
pond,lake,chla,ntp_ge_0.00,ntp,0.0,µg/L,112,12,1,65.18571428571428,281.191427488782,3.8499999999999996,7.75,25.25
pond,lake,chla,ntp_ge_0.05,ntp,0.05,µg/L,112,12,1,65.18571428571428,281.191427488782,3.8499999999999996,7.75,25.25
pond,lake,chla,ntp_ge_0.10,ntp,0.1,µg/L,112,12,1,65.18571428571428,281.191427488782,3.8499999999999996,7.75,25.25
pond,lake,chla,ntp_ge_0.15,ntp,0.15,µg/L,112,12,1,65.18571428571428,281.191427488782,3.8499999999999996,7.75,25.25
pond,lake,chla,ntp_ge_0.20,ntp,0.2,µg/L,73,8,1,28.884931506849313,65.58828797725178,4.074999999999999,8.7,25.525
pond,lake,chla,ntp_ge_0.25,ntp,0.25,µg/L,64,7,1,31.5328125,69.57283280836104,4.3,11.85,26.05
pond,lake,chla,ntp_ge_0.30,ntp,0.3,µg/L,61,7,1,32.71147540983607,71.07241869708355,4.3,12.2,26.725
pond,lake,chla,ntp_ge_0.35,ntp,0.35,µg/L,60,7,1,32.97833333333333,71.64137165610637,4.3,11.85,26.95
pond,lake,chla,ntp_ge_0.40,ntp,0.4,µg/L,58,7,1,34.02068965517241,72.65901559259147,4.4,12.3,27.4
pond,lake,chla,ntp_ge_0.45,ntp,0.45,µg/L,58,7,1,34.02068965517241,72.65901559259147,4.4,12.3,27.4
pond,lake,chla,ntp_ge_0.50,ntp,0.5,µg/L,58,7,1,34.02068965517241,72.65901559259147,4.4,12.3,27.4
pond,lake,chla,ntp_ge_0.55,ntp,0.55,µg/L,55,7,1,35.618181818181824,74.30960530831422,4.425000000000001,12.8,27.7
pond,lake,chla,ntp_ge_0.60,ntp,0.6,µg/L,53,7,1,36.58301886792453,75.5340644901589,4.475,12.8,28.925
pond,lake,chla,ntp_ge_0.65,ntp,0.65,µg/L,53,7,1,36.58301886792453,75.5340644901589,4.475,12.8,28.925
pond,lake,chla,ntp_ge_0.70,ntp,0.7,µg/L,52,7,1,37.13076923076923,76.16463730542719,4.45,12.95,30.049999999999997
pond,lake,chla,ntp_ge_0.75,ntp,0.75,µg/L,51,7,1,37.01176470588235,76.91763035106796,4.425000000000001,12.8,27.7
pond,lake,chla,ntp_ge_0.80,ntp,0.8,µg/L,51,7,1,37.01176470588235,76.91763035106796,4.425000000000001,12.8,27.7
pond,lake,chla,ntp_ge_0.85,ntp,0.85,µg/L,49,7,1,38.22244897959184,78.25153157528324,4.475,12.8,28.925
pond,lake,chla,ntp_ge_0.90,ntp,0.9,µg/L,48,7,1,38.93541666666666,78.91861277528824,4.75,13.0,30.049999999999997
pond,lake,chla,ntp_ge_0.95,ntp,0.95,µg/L,45,7,1,41.18444444444445,81.05296235839074,4.875,13.4,32.949999999999996
pond,lake,chla,probe_ge_0.00,probe,0.0,µg/L,112,12,1,65.18571428571428,281.191427488782,3.8499999999999996,7.75,25.25
pond,lake,chla,probe_ge_0.05,probe,0.05,µg/L,112,12,1,65.18571428571428,281.191427488782,3.8499999999999996,7.75,25.25
pond,lake,chla,probe_ge_0.10,probe,0.1,µg/L,112,12,1,65.18571428571428,281.191427488782,3.8499999999999996,7.75,25.25
pond,lake,chla,probe_ge_0.15,probe,0.15,µg/L,111,12,1,65.74234234234234,282.40468755752545,3.925,8.0,25.375
pond,lake,chla,probe_ge_0.20,probe,0.2,µg/L,107,12,0,67.96448598130841,287.4407811865256,4.0,8.1,25.575000000000003
pond,lake,chla,probe_ge_0.25,probe,0.25,µg/L,98,12,0,69.0704081632653,299.02733116790296,4.0,8.05,25.5
pond,lake,chla,probe_ge_0.30,probe,0.3,µg/L,87,12,0,58.34712643678161,283.0500883601988,4.0,8.1,25.375
pond,lake,chla,probe_ge_0.35,probe,0.35,µg/L,78,12,0,64.23846153846155,298.5617477219699,4.0,11.85,26.5
pond,lake,chla,probe_ge_0.40,probe,0.4,µg/L,71,12,0,66.79859154929578,312.04872535869765,4.3,12.4,26.950000000000003
pond,lake,chla,probe_ge_0.45,probe,0.45,µg/L,61,11,0,75.79836065573768,336.1625388071487,4.375,12.2,28.925
pond,lake,chla,probe_ge_0.50,probe,0.5,µg/L,55,11,0,82.45818181818181,353.6664895228947,4.325,12.4,31.174999999999997
pond,lake,chla,probe_ge_0.55,probe,0.55,µg/L,48,11,0,86.33333333333333,376.9451200720063,4.15,9.8,33.599999999999994
pond,lake,chla,probe_ge_0.60,probe,0.6,µg/L,33,9,0,118.66969696969697,452.93572218144857,4.45,11.5,34.925
pond,lake,chla,probe_ge_0.65,probe,0.65,µg/L,21,7,0,136.3952380952381,564.6994399467653,3.9,7.5,18.425
pond,lake,chla,probe_ge_0.70,probe,0.7,µg/L,14,5,0,11.607142857142858,16.778074716986787,1.6,5.699999999999999,11.5
pond,lake,chla,probe_ge_0.75,probe,0.75,µg/L,8,4,0,4.6875,4.310597406392762,1.6,3.6,6.3
pond,lake,chla,probe_ge_0.80,probe,0.8,µg/L,7,4,0,5.257142857142858,4.318509443028209,1.875,4.5,6.9
pond,lake,chla,probe_ge_0.85,probe,0.85,µg/L,4,2,0,4.95,1.982422760159901,3.6,4.8,6.3
pond,lake,chla,probe_ge_0.90,probe,0.9,µg/L,1,1,0,4.5,,4.5,4.5,4.5
pond,lake,chla,probe_ge_0.95,probe,0.95,µg/L,0,0,0,,,,,
