Train dataset,Test dataset,Type,Platt N,Recalibration,Fit sample,coef,intercept,Label rate,Train prevalence,SmECE
pond,pond,Probe,10,intercept_fit,0,1.0,-2.788617975327987,0.1,0.4985203973789896,0.3610963141873724
pond,pond,Probe,10,intercept_fit,1,1.0,-0.5781474922454012,0.5,0.4985203973789896,0.04492800908893145
pond,pond,NTP,10,intercept_fit,0,1.0,-5.1072577754479695,0.1,0.4985203973789896,0.3820370149320863
pond,pond,NTP,10,intercept_fit,1,1.0,-2.198410443680531,0.5,0.4985203973789896,0.22394311865931904
pond,pond,Probe,1000,intercept_fit,0,1.0,-0.7650037380663903,0.441,0.4985203973789896,0.05721564921757646
pond,pond,Probe,1000,intercept_fit,1,1.0,-1.1531934856241004,0.363,0.4985203973789896,0.12103506588894719
pond,pond,NTP,1000,intercept_fit,0,1.0,-0.49876190608546067,0.441,0.4985203973789896,0.11500368424483651
pond,pond,NTP,1000,intercept_fit,1,1.0,-1.1545608951391562,0.363,0.4985203973789896,0.17201241297374847
pond,nfix,Probe,10,intercept_fit,0,1.0,-2.2652500483736526,0.2,0.4985203973789896,0.10378141860981287
pond,nfix,Probe,10,intercept_fit,1,1.0,-2.998045032668534,0.1,0.4985203973789896,0.19281571532691497
pond,nfix,NTP,10,intercept_fit,0,1.0,-4.875594526025111,0.2,0.4985203973789896,0.2228175849289662
pond,nfix,NTP,10,intercept_fit,1,1.0,-3.565284569702592,0.1,0.4985203973789896,0.18010941690317106
pond,nfix,Probe,1000,intercept_fit,0,1.0,-1.3513890906876742,0.335,0.4985203973789896,0.07708523546702105
pond,nfix,Probe,1000,intercept_fit,1,1.0,-2.1395020749606344,0.262,0.4985203973789896,0.08501880400455458
pond,nfix,NTP,1000,intercept_fit,0,1.0,-3.581703377360017,0.335,0.4985203973789896,0.18014715905156573
pond,nfix,NTP,1000,intercept_fit,1,1.0,-3.47908496729336,0.262,0.4985203973789896,0.1798769512132744
pond,supermat,Probe,10,intercept_fit,0,1.0,-2.8628737137082774,0.4,0.4985203973789896,0.16438222533269917
pond,supermat,Probe,10,intercept_fit,1,1.0,-3.4177319967486253,0.3,0.4985203973789896,0.2433050836358142
pond,supermat,NTP,10,intercept_fit,0,1.0,-0.6385578584163248,0.4,0.4985203973789896,0.07586715742656246
pond,supermat,NTP,10,intercept_fit,1,1.0,-0.8404783738535347,0.3,0.4985203973789896,0.0996736149354755
pond,supermat,Probe,1000,intercept_fit,0,1.0,-3.128049118930765,0.373,0.4985203973789896,0.20345646772073717
pond,supermat,Probe,1000,intercept_fit,1,1.0,-2.617301812162721,0.35,0.4985203973789896,0.126383792461154
pond,supermat,NTP,1000,intercept_fit,0,1.0,-0.8114565387942261,0.373,0.4985203973789896,0.09642853024566213
pond,supermat,NTP,1000,intercept_fit,1,1.0,-0.9353837507722497,0.35,0.4985203973789896,0.10997761900864847
nfix,pond,Probe,10,intercept_fit,0,1.0,-2.5036838251655418,0.1,0.4962228517469311,0.4104197630556459
nfix,pond,Probe,10,intercept_fit,1,1.0,0.5308479828092203,0.5,0.4962228517469311,0.06838430040662026
nfix,pond,NTP,10,intercept_fit,0,1.0,-2.791906315963196,0.1,0.4962228517469311,0.405861054640527
nfix,pond,NTP,10,intercept_fit,1,1.0,-0.8507876329692217,0.5,0.4962228517469311,0.10544881295910034
nfix,pond,Probe,1000,intercept_fit,0,1.0,-0.0452839437240431,0.441,0.4962228517469311,0.05181106483153984
nfix,pond,Probe,1000,intercept_fit,1,1.0,-0.4510737173144861,0.363,0.4962228517469311,0.1125323763385955
nfix,pond,NTP,1000,intercept_fit,0,1.0,-0.4700400977685661,0.441,0.4962228517469311,0.035156643560042625
nfix,pond,NTP,1000,intercept_fit,1,1.0,-0.9088268269419293,0.363,0.4962228517469311,0.11673119032374307
nfix,nfix,Probe,10,intercept_fit,0,1.0,-2.0147419122970405,0.2,0.4962228517469311,0.15014540957657824
nfix,nfix,Probe,10,intercept_fit,1,1.0,-2.8478361812892508,0.1,0.4962228517469311,0.22737437436789504
nfix,nfix,NTP,10,intercept_fit,0,1.0,-2.3413780511562234,0.2,0.4962228517469311,0.18074997802515474
nfix,nfix,NTP,10,intercept_fit,1,1.0,-2.449199269921332,0.1,0.4962228517469311,0.19151022368643755
nfix,nfix,Probe,1000,intercept_fit,0,1.0,-1.2382757798851178,0.335,0.4962228517469311,0.06822817927346589
nfix,nfix,Probe,1000,intercept_fit,1,1.0,-1.9262726579512512,0.262,0.4962228517469311,0.14066603063206423
nfix,nfix,NTP,1000,intercept_fit,0,1.0,-1.5681405070036347,0.335,0.4962228517469311,0.08253393387573639
nfix,nfix,NTP,1000,intercept_fit,1,1.0,-1.737745577656815,0.262,0.4962228517469311,0.10736744789170952
nfix,supermat,Probe,10,intercept_fit,0,1.0,-1.0062563443734376,0.4,0.4962228517469311,0.13475830353534576
nfix,supermat,Probe,10,intercept_fit,1,1.0,-2.4371075149837855,0.3,0.4962228517469311,0.3357703221015675
nfix,supermat,NTP,10,intercept_fit,0,1.0,-0.6478373764371188,0.4,0.4962228517469311,0.06318577225017831
nfix,supermat,NTP,10,intercept_fit,1,1.0,-0.9075590464502025,0.3,0.4962228517469311,0.11464946372230378
nfix,supermat,Probe,1000,intercept_fit,0,1.0,-1.4190075818395453,0.373,0.4962228517469311,0.2023987105595252
nfix,supermat,Probe,1000,intercept_fit,1,1.0,-1.7247498114703301,0.35,0.4962228517469311,0.24839099957334934
nfix,supermat,NTP,1000,intercept_fit,0,1.0,-0.7455578653304457,0.373,0.4962228517469311,0.08293181917126251
nfix,supermat,NTP,1000,intercept_fit,1,1.0,-0.8388497220169198,0.35,0.4962228517469311,0.1013617354535416
supermat,pond,Probe,10,intercept_fit,0,1.0,-4.9552739750940304,0.1,0.5,0.38872708406433926
supermat,pond,Probe,10,intercept_fit,1,1.0,-2.294719688091525,0.5,0.5,0.14316436766124835
supermat,pond,NTP,10,intercept_fit,0,1.0,-13.335625838596725,0.1,0.5,0.3868213509672276
supermat,pond,NTP,10,intercept_fit,1,1.0,-6.239472105337963,0.5,0.5,0.3065767047862933
supermat,pond,Probe,1000,intercept_fit,0,1.0,-2.4069657372803297,0.441,0.5,0.146326811186239
supermat,pond,Probe,1000,intercept_fit,1,1.0,-2.270130998059423,0.363,0.5,0.14243074800811553
supermat,pond,NTP,1000,intercept_fit,0,1.0,-0.7408448151558117,0.441,0.5,0.13493390764385177
supermat,pond,NTP,1000,intercept_fit,1,1.0,-1.4956614131964279,0.363,0.5,0.20342673126558974
supermat,nfix,Probe,10,intercept_fit,0,1.0,-4.976703336065873,0.2,0.5,0.1189805992160556
supermat,nfix,Probe,10,intercept_fit,1,1.0,-5.973553527318944,0.1,0.5,0.1798514120758772
supermat,nfix,NTP,10,intercept_fit,0,1.0,-12.945731973375025,0.2,0.5,0.23386412358940584
supermat,nfix,NTP,10,intercept_fit,1,1.0,-7.906070349073117,0.1,0.5,0.2399241615794514
supermat,nfix,Probe,1000,intercept_fit,0,1.0,-4.12435577951625,0.335,0.5,0.14967738602020358
supermat,nfix,Probe,1000,intercept_fit,1,1.0,-4.537126606202768,0.262,0.5,0.12849335094943728
supermat,nfix,NTP,1000,intercept_fit,0,1.0,-10.766372848109233,0.335,0.5,0.22833540619953444
supermat,nfix,NTP,1000,intercept_fit,1,1.0,-10.142040536618516,0.262,0.5,0.23380857077246844
supermat,supermat,Probe,10,intercept_fit,0,1.0,-3.0184719488691036,0.4,0.5,0.09106920731850639
supermat,supermat,Probe,10,intercept_fit,1,1.0,-3.3727385100466853,0.3,0.5,0.11061107127984261
supermat,supermat,NTP,10,intercept_fit,0,1.0,-0.8533340413400735,0.4,0.5,0.10601238454298023
supermat,supermat,NTP,10,intercept_fit,1,1.0,-1.141567286120227,0.3,0.5,0.1398264564176048
supermat,supermat,Probe,1000,intercept_fit,0,1.0,-3.329559956239733,0.373,0.5,0.10773648008666424
supermat,supermat,Probe,1000,intercept_fit,1,1.0,-3.4595938167985203,0.35,0.5,0.11695956833142064
supermat,supermat,NTP,1000,intercept_fit,0,1.0,-1.0672238469115187,0.373,0.5,0.13173028634225656
supermat,supermat,NTP,1000,intercept_fit,1,1.0,-1.202704533349752,0.35,0.5,0.14624528690939384
