Train dataset,Test dataset,Type,Platt N,Recalibration,Train resamples,Fit draws,Pool N,Test N,Test docs,Test label rate,Fit label rate,SmECE,SmECE_lo,SmECE_hi
pond,pond,Probe,10,intercept_fit,2,2,6293,4725,65,0.5411640211640212,0.3,0.20301216163815194,0.05283221671639248,0.3531921065599114
pond,pond,NTP,10,intercept_fit,2,2,6293,4725,65,0.5411640211640212,0.3,0.3029900667957027,0.22789546606613822,0.3780846675252671
pond,pond,Probe,1000,intercept_fit,2,2,6293,4725,65,0.5411640211640212,0.402,0.08912535755326183,0.058811134634360725,0.11943958047216292
pond,pond,NTP,1000,intercept_fit,2,2,6293,4725,65,0.5411640211640212,0.402,0.1435080486092925,0.11642890246305931,0.17058719475552567
pond,nfix,Probe,10,intercept_fit,2,2,2898,2906,41,0.3165863730213352,0.15000000000000002,0.1482985669683639,0.10600727602774042,0.19058985790898741
pond,nfix,NTP,10,intercept_fit,2,2,2898,2906,41,0.3165863730213352,0.15000000000000002,0.20146350091606863,0.18117712110381595,0.2217498807283213
pond,nfix,Probe,1000,intercept_fit,2,2,2898,2906,41,0.3165863730213352,0.2985,0.08105201973578782,0.07728357468045939,0.08482046479111624
pond,nfix,NTP,1000,intercept_fit,2,2,2898,2906,41,0.3165863730213352,0.2985,0.18001205513242008,0.17988370640923168,0.18014040385560845
pond,supermat,Probe,10,intercept_fit,2,2,2218,1867,85,0.4756293519014462,0.35,0.20384365448425668,0.16635529679027705,0.24133201217823633
pond,supermat,NTP,10,intercept_fit,2,2,2218,1867,85,0.4756293519014462,0.35,0.08777038618101898,0.07646231886428528,0.09907845349775267
pond,supermat,Probe,1000,intercept_fit,2,2,2218,1867,85,0.4756293519014462,0.3615,0.16492013009094558,0.12831060934264357,0.2015296508392476
pond,supermat,NTP,1000,intercept_fit,2,2,2218,1867,85,0.4756293519014462,0.3615,0.1032030746271553,0.09676725746473679,0.10963889178957381
nfix,pond,Probe,10,intercept_fit,2,2,6293,4725,65,0.5411640211640212,0.3,0.23940203173113309,0.0769351869728459,0.40186887648942027
nfix,pond,NTP,10,intercept_fit,2,2,6293,4725,65,0.5411640211640212,0.3,0.2556549337998137,0.11295911900113602,0.39835074859849134
nfix,pond,Probe,1000,intercept_fit,2,2,6293,4725,65,0.5411640211640212,0.402,0.08217172058506766,0.05332909761921623,0.1110143435509191
nfix,pond,NTP,1000,intercept_fit,2,2,6293,4725,65,0.5411640211640212,0.402,0.07594391694189284,0.03719600722913514,0.11469182665465055
nfix,nfix,Probe,10,intercept_fit,2,2,2898,2906,41,0.3165863730213352,0.15000000000000002,0.18875989197223664,0.15207613369636117,0.2254436502481121
nfix,nfix,NTP,10,intercept_fit,2,2,2898,2906,41,0.3165863730213352,0.15000000000000002,0.18613010085579615,0.18101898416668682,0.19124121754490547
nfix,nfix,Probe,1000,intercept_fit,2,2,2898,2906,41,0.3165863730213352,0.2985,0.10444710495276506,0.07003912555743085,0.13885508434809926
nfix,nfix,NTP,1000,intercept_fit,2,2,2898,2906,41,0.3165863730213352,0.2985,0.09495069088372296,0.08315477172613572,0.10674661004131018
nfix,supermat,Probe,10,intercept_fit,2,2,2218,1867,85,0.4756293519014462,0.35,0.2352643128184566,0.13978360399950132,0.33074502163741193
nfix,supermat,NTP,10,intercept_fit,2,2,2218,1867,85,0.4756293519014462,0.35,0.08891761798624104,0.06447236453698145,0.11336287143550064
nfix,supermat,Probe,1000,intercept_fit,2,2,2218,1867,85,0.4756293519014462,0.3615,0.22539485506643728,0.20354851778487082,0.24724119234800374
nfix,supermat,NTP,1000,intercept_fit,2,2,2218,1867,85,0.4756293519014462,0.3615,0.09214677731240206,0.08339256707831949,0.10090098754648462
supermat,pond,Probe,10,intercept_fit,2,2,6293,4725,65,0.5411640211640212,0.3,0.2659457258627938,0.14930343557132564,0.38258801615426197
supermat,pond,NTP,10,intercept_fit,2,2,6293,4725,65,0.5411640211640212,0.3,0.34669902787676043,0.3085828209408166,0.38481523481270424
supermat,pond,Probe,1000,intercept_fit,2,2,6293,4725,65,0.5411640211640212,0.402,0.14437877959717726,0.14252814958756863,0.1462294096067859
supermat,pond,NTP,1000,intercept_fit,2,2,6293,4725,65,0.5411640211640212,0.402,0.16918031945472076,0.13664622823439523,0.20171441067504628
supermat,nfix,Probe,10,intercept_fit,2,2,2898,2906,41,0.3165863730213352,0.15000000000000002,0.1494160056459664,0.12050236953755114,0.17832964175438168
supermat,nfix,NTP,10,intercept_fit,2,2,2898,2906,41,0.3165863730213352,0.15000000000000002,0.23689414258442862,0.23401562453915697,0.23977266062970026
supermat,nfix,Probe,1000,intercept_fit,2,2,2898,2906,41,0.3165863730213352,0.2985,0.13908536848482045,0.12902295182620643,0.14914778514343444
supermat,nfix,NTP,1000,intercept_fit,2,2,2898,2906,41,0.3165863730213352,0.2985,0.23107198848600144,0.2284722353138578,0.23367174165814508
supermat,supermat,Probe,10,intercept_fit,2,2,2218,1867,85,0.4756293519014462,0.35,0.1008401392991745,0.0915577539175398,0.1101225246808092
supermat,supermat,NTP,10,intercept_fit,2,2,2218,1867,85,0.4756293519014462,0.35,0.12291942048029252,0.10685773633984584,0.13898110462073918
supermat,supermat,Probe,1000,intercept_fit,2,2,2218,1867,85,0.4756293519014462,0.3615,0.11234802420904244,0.10796705729278315,0.11672899112530173
supermat,supermat,NTP,1000,intercept_fit,2,2,2218,1867,85,0.4756293519014462,0.3615,0.1389877866258252,0.13209316135643498,0.14588241189521542
