ecosystem,attribute,panel_method,setting,method,threshold,reference,log_scale,n_ref,n,n_nonpos_excluded,n_docs,drawn
pond,surface_area,ntp,ntp_ge_0.00,ntp,0.0,ground_truth,True,274,324,2,24,True
pond,surface_area,ntp,ntp_ge_0.05,ntp,0.05,ground_truth,True,274,324,2,24,True
pond,surface_area,ntp,ntp_ge_0.10,ntp,0.1,ground_truth,True,274,324,2,24,True
pond,surface_area,ntp,ntp_ge_0.15,ntp,0.15,ground_truth,True,274,324,2,24,True
pond,surface_area,ntp,ntp_ge_0.20,ntp,0.2,ground_truth,True,274,260,0,24,True
pond,surface_area,ntp,ntp_ge_0.25,ntp,0.25,ground_truth,True,274,248,0,24,True
pond,surface_area,ntp,ntp_ge_0.30,ntp,0.3,ground_truth,True,274,241,0,23,True
pond,surface_area,ntp,ntp_ge_0.35,ntp,0.35,ground_truth,True,274,239,0,23,True
pond,surface_area,ntp,ntp_ge_0.40,ntp,0.4,ground_truth,True,274,235,0,23,True
pond,surface_area,ntp,ntp_ge_0.45,ntp,0.45,ground_truth,True,274,235,0,23,True
pond,surface_area,ntp,ntp_ge_0.50,ntp,0.5,ground_truth,True,274,232,0,23,True
pond,surface_area,ntp,ntp_ge_0.55,ntp,0.55,ground_truth,True,274,229,0,23,True
pond,surface_area,ntp,ntp_ge_0.60,ntp,0.6,ground_truth,True,274,229,0,23,True
pond,surface_area,ntp,ntp_ge_0.65,ntp,0.65,ground_truth,True,274,229,0,23,True
pond,surface_area,ntp,ntp_ge_0.70,ntp,0.7,ground_truth,True,274,227,0,23,True
pond,surface_area,ntp,ntp_ge_0.75,ntp,0.75,ground_truth,True,274,225,0,23,True
pond,surface_area,ntp,ntp_ge_0.80,ntp,0.8,ground_truth,True,274,223,0,23,True
pond,surface_area,ntp,ntp_ge_0.85,ntp,0.85,ground_truth,True,274,220,0,23,True
pond,surface_area,ntp,ntp_ge_0.90,ntp,0.9,ground_truth,True,274,211,0,22,True
pond,surface_area,ntp,ntp_ge_0.95,ntp,0.95,ground_truth,True,274,201,0,22,True
pond,surface_area,ntp,valid,,,ground_truth,True,274,275,2,24,True
pond,max_depth,ntp,ntp_ge_0.00,ntp,0.0,ground_truth,True,161,121,0,21,True
pond,max_depth,ntp,ntp_ge_0.05,ntp,0.05,ground_truth,True,161,121,0,21,True
pond,max_depth,ntp,ntp_ge_0.10,ntp,0.1,ground_truth,True,161,121,0,21,True
pond,max_depth,ntp,ntp_ge_0.15,ntp,0.15,ground_truth,True,161,121,0,21,True
pond,max_depth,ntp,ntp_ge_0.20,ntp,0.2,ground_truth,True,161,99,0,19,True
pond,max_depth,ntp,ntp_ge_0.25,ntp,0.25,ground_truth,True,161,93,0,18,True
pond,max_depth,ntp,ntp_ge_0.30,ntp,0.3,ground_truth,True,161,86,0,18,True
pond,max_depth,ntp,ntp_ge_0.35,ntp,0.35,ground_truth,True,161,85,0,18,True
pond,max_depth,ntp,ntp_ge_0.40,ntp,0.4,ground_truth,True,161,85,0,18,True
pond,max_depth,ntp,ntp_ge_0.45,ntp,0.45,ground_truth,True,161,85,0,18,True
pond,max_depth,ntp,ntp_ge_0.50,ntp,0.5,ground_truth,True,161,84,0,18,True
pond,max_depth,ntp,ntp_ge_0.55,ntp,0.55,ground_truth,True,161,81,0,17,True
pond,max_depth,ntp,ntp_ge_0.60,ntp,0.6,ground_truth,True,161,80,0,17,True
pond,max_depth,ntp,ntp_ge_0.65,ntp,0.65,ground_truth,True,161,80,0,17,True
pond,max_depth,ntp,ntp_ge_0.70,ntp,0.7,ground_truth,True,161,79,0,17,True
pond,max_depth,ntp,ntp_ge_0.75,ntp,0.75,ground_truth,True,161,78,0,17,True
pond,max_depth,ntp,ntp_ge_0.80,ntp,0.8,ground_truth,True,161,77,0,17,True
pond,max_depth,ntp,ntp_ge_0.85,ntp,0.85,ground_truth,True,161,74,0,17,True
pond,max_depth,ntp,ntp_ge_0.90,ntp,0.9,ground_truth,True,161,73,0,16,True
pond,max_depth,ntp,ntp_ge_0.95,ntp,0.95,ground_truth,True,161,68,0,15,True
pond,max_depth,ntp,valid,,,ground_truth,True,161,97,0,17,True
pond,ph,ntp,ntp_ge_0.00,ntp,0.0,ground_truth,False,115,181,0,12,True
pond,ph,ntp,ntp_ge_0.05,ntp,0.05,ground_truth,False,115,181,0,12,True
pond,ph,ntp,ntp_ge_0.10,ntp,0.1,ground_truth,False,115,181,0,12,True
pond,ph,ntp,ntp_ge_0.15,ntp,0.15,ground_truth,False,115,181,0,12,True
pond,ph,ntp,ntp_ge_0.20,ntp,0.2,ground_truth,False,115,99,0,11,True
pond,ph,ntp,ntp_ge_0.25,ntp,0.25,ground_truth,False,115,89,0,9,True
pond,ph,ntp,ntp_ge_0.30,ntp,0.3,ground_truth,False,115,82,0,9,True
pond,ph,ntp,ntp_ge_0.35,ntp,0.35,ground_truth,False,115,80,0,9,True
pond,ph,ntp,ntp_ge_0.40,ntp,0.4,ground_truth,False,115,74,0,8,True
pond,ph,ntp,ntp_ge_0.45,ntp,0.45,ground_truth,False,115,74,0,8,True
pond,ph,ntp,ntp_ge_0.50,ntp,0.5,ground_truth,False,115,71,0,8,True
pond,ph,ntp,ntp_ge_0.55,ntp,0.55,ground_truth,False,115,70,0,8,True
pond,ph,ntp,ntp_ge_0.60,ntp,0.6,ground_truth,False,115,69,0,8,True
pond,ph,ntp,ntp_ge_0.65,ntp,0.65,ground_truth,False,115,69,0,8,True
pond,ph,ntp,ntp_ge_0.70,ntp,0.7,ground_truth,False,115,65,0,8,True
pond,ph,ntp,ntp_ge_0.75,ntp,0.75,ground_truth,False,115,63,0,8,True
pond,ph,ntp,ntp_ge_0.80,ntp,0.8,ground_truth,False,115,61,0,7,True
pond,ph,ntp,ntp_ge_0.85,ntp,0.85,ground_truth,False,115,61,0,7,True
pond,ph,ntp,ntp_ge_0.90,ntp,0.9,ground_truth,False,115,55,0,7,True
pond,ph,ntp,ntp_ge_0.95,ntp,0.95,ground_truth,False,115,50,0,7,True
pond,ph,ntp,valid,,,ground_truth,False,115,145,0,11,True
pond,chla,ntp,ntp_ge_0.00,ntp,0.0,ground_truth,True,29,73,0,9,True
pond,chla,ntp,ntp_ge_0.05,ntp,0.05,ground_truth,True,29,73,0,9,True
pond,chla,ntp,ntp_ge_0.10,ntp,0.1,ground_truth,True,29,73,0,9,True
pond,chla,ntp,ntp_ge_0.15,ntp,0.15,ground_truth,True,29,73,0,9,True
pond,chla,ntp,ntp_ge_0.20,ntp,0.2,ground_truth,True,29,41,0,5,True
pond,chla,ntp,ntp_ge_0.25,ntp,0.25,ground_truth,True,29,33,0,4,True
pond,chla,ntp,ntp_ge_0.30,ntp,0.3,ground_truth,True,29,28,0,4,True
pond,chla,ntp,ntp_ge_0.35,ntp,0.35,ground_truth,True,29,26,0,4,True
pond,chla,ntp,ntp_ge_0.40,ntp,0.4,ground_truth,True,29,25,0,4,True
pond,chla,ntp,ntp_ge_0.45,ntp,0.45,ground_truth,True,29,25,0,4,True
pond,chla,ntp,ntp_ge_0.50,ntp,0.5,ground_truth,True,29,25,0,4,True
pond,chla,ntp,ntp_ge_0.55,ntp,0.55,ground_truth,True,29,23,0,4,True
pond,chla,ntp,ntp_ge_0.60,ntp,0.6,ground_truth,True,29,21,0,4,True
pond,chla,ntp,ntp_ge_0.65,ntp,0.65,ground_truth,True,29,21,0,4,True
pond,chla,ntp,ntp_ge_0.70,ntp,0.7,ground_truth,True,29,17,0,4,True
pond,chla,ntp,ntp_ge_0.75,ntp,0.75,ground_truth,True,29,17,0,4,True
pond,chla,ntp,ntp_ge_0.80,ntp,0.8,ground_truth,True,29,17,0,4,True
pond,chla,ntp,ntp_ge_0.85,ntp,0.85,ground_truth,True,29,17,0,4,True
pond,chla,ntp,ntp_ge_0.90,ntp,0.9,ground_truth,True,29,15,0,3,True
pond,chla,ntp,ntp_ge_0.95,ntp,0.95,ground_truth,True,29,12,0,3,True
pond,chla,ntp,valid,,,ground_truth,True,29,57,0,7,True
lake,surface_area,ntp,ntp_ge_0.00,ntp,0.0,ground_truth,True,197,243,0,27,True
lake,surface_area,ntp,ntp_ge_0.05,ntp,0.05,ground_truth,True,197,243,0,27,True
lake,surface_area,ntp,ntp_ge_0.10,ntp,0.1,ground_truth,True,197,243,0,27,True
lake,surface_area,ntp,ntp_ge_0.15,ntp,0.15,ground_truth,True,197,243,0,27,True
lake,surface_area,ntp,ntp_ge_0.20,ntp,0.2,ground_truth,True,197,190,0,27,True
lake,surface_area,ntp,ntp_ge_0.25,ntp,0.25,ground_truth,True,197,182,0,26,True
lake,surface_area,ntp,ntp_ge_0.30,ntp,0.3,ground_truth,True,197,179,0,26,True
lake,surface_area,ntp,ntp_ge_0.35,ntp,0.35,ground_truth,True,197,179,0,26,True
lake,surface_area,ntp,ntp_ge_0.40,ntp,0.4,ground_truth,True,197,176,0,26,True
lake,surface_area,ntp,ntp_ge_0.45,ntp,0.45,ground_truth,True,197,176,0,26,True
lake,surface_area,ntp,ntp_ge_0.50,ntp,0.5,ground_truth,True,197,175,0,26,True
lake,surface_area,ntp,ntp_ge_0.55,ntp,0.55,ground_truth,True,197,173,0,26,True
lake,surface_area,ntp,ntp_ge_0.60,ntp,0.6,ground_truth,True,197,172,0,26,True
lake,surface_area,ntp,ntp_ge_0.65,ntp,0.65,ground_truth,True,197,172,0,26,True
lake,surface_area,ntp,ntp_ge_0.70,ntp,0.7,ground_truth,True,197,172,0,26,True
lake,surface_area,ntp,ntp_ge_0.75,ntp,0.75,ground_truth,True,197,170,0,26,True
lake,surface_area,ntp,ntp_ge_0.80,ntp,0.8,ground_truth,True,197,169,0,26,True
lake,surface_area,ntp,ntp_ge_0.85,ntp,0.85,ground_truth,True,197,168,0,26,True
lake,surface_area,ntp,ntp_ge_0.90,ntp,0.9,ground_truth,True,197,168,0,26,True
lake,surface_area,ntp,ntp_ge_0.95,ntp,0.95,ground_truth,True,197,165,0,25,True
lake,surface_area,ntp,valid,,,ground_truth,True,197,186,0,26,True
lake,max_depth,ntp,ntp_ge_0.00,ntp,0.0,ground_truth,True,99,200,0,26,True
lake,max_depth,ntp,ntp_ge_0.05,ntp,0.05,ground_truth,True,99,200,0,26,True
lake,max_depth,ntp,ntp_ge_0.10,ntp,0.1,ground_truth,True,99,200,0,26,True
lake,max_depth,ntp,ntp_ge_0.15,ntp,0.15,ground_truth,True,99,200,0,26,True
lake,max_depth,ntp,ntp_ge_0.20,ntp,0.2,ground_truth,True,99,118,0,24,True
lake,max_depth,ntp,ntp_ge_0.25,ntp,0.25,ground_truth,True,99,108,0,24,True
lake,max_depth,ntp,ntp_ge_0.30,ntp,0.3,ground_truth,True,99,105,0,23,True
lake,max_depth,ntp,ntp_ge_0.35,ntp,0.35,ground_truth,True,99,102,0,23,True
lake,max_depth,ntp,ntp_ge_0.40,ntp,0.4,ground_truth,True,99,99,0,23,True
lake,max_depth,ntp,ntp_ge_0.45,ntp,0.45,ground_truth,True,99,99,0,23,True
lake,max_depth,ntp,ntp_ge_0.50,ntp,0.5,ground_truth,True,99,98,0,23,True
lake,max_depth,ntp,ntp_ge_0.55,ntp,0.55,ground_truth,True,99,96,0,23,True
lake,max_depth,ntp,ntp_ge_0.60,ntp,0.6,ground_truth,True,99,95,0,23,True
lake,max_depth,ntp,ntp_ge_0.65,ntp,0.65,ground_truth,True,99,95,0,23,True
lake,max_depth,ntp,ntp_ge_0.70,ntp,0.7,ground_truth,True,99,92,0,23,True
lake,max_depth,ntp,ntp_ge_0.75,ntp,0.75,ground_truth,True,99,91,0,23,True
lake,max_depth,ntp,ntp_ge_0.80,ntp,0.8,ground_truth,True,99,91,0,23,True
lake,max_depth,ntp,ntp_ge_0.85,ntp,0.85,ground_truth,True,99,89,0,23,True
lake,max_depth,ntp,ntp_ge_0.90,ntp,0.9,ground_truth,True,99,89,0,23,True
lake,max_depth,ntp,ntp_ge_0.95,ntp,0.95,ground_truth,True,99,79,0,22,True
lake,max_depth,ntp,valid,,,ground_truth,True,99,114,0,23,True
lake,ph,ntp,ntp_ge_0.00,ntp,0.0,ground_truth,False,73,106,0,17,True
lake,ph,ntp,ntp_ge_0.05,ntp,0.05,ground_truth,False,73,106,0,17,True
lake,ph,ntp,ntp_ge_0.10,ntp,0.1,ground_truth,False,73,106,0,17,True
lake,ph,ntp,ntp_ge_0.15,ntp,0.15,ground_truth,False,73,106,0,17,True
lake,ph,ntp,ntp_ge_0.20,ntp,0.2,ground_truth,False,73,38,0,12,True
lake,ph,ntp,ntp_ge_0.25,ntp,0.25,ground_truth,False,73,30,0,10,True
lake,ph,ntp,ntp_ge_0.30,ntp,0.3,ground_truth,False,73,27,0,10,True
lake,ph,ntp,ntp_ge_0.35,ntp,0.35,ground_truth,False,73,26,0,10,True
lake,ph,ntp,ntp_ge_0.40,ntp,0.4,ground_truth,False,73,26,0,10,True
lake,ph,ntp,ntp_ge_0.45,ntp,0.45,ground_truth,False,73,26,0,10,True
lake,ph,ntp,ntp_ge_0.50,ntp,0.5,ground_truth,False,73,26,0,10,True
lake,ph,ntp,ntp_ge_0.55,ntp,0.55,ground_truth,False,73,24,0,10,True
lake,ph,ntp,ntp_ge_0.60,ntp,0.6,ground_truth,False,73,23,0,10,True
lake,ph,ntp,ntp_ge_0.65,ntp,0.65,ground_truth,False,73,23,0,10,True
lake,ph,ntp,ntp_ge_0.70,ntp,0.7,ground_truth,False,73,21,0,10,True
lake,ph,ntp,ntp_ge_0.75,ntp,0.75,ground_truth,False,73,21,0,10,True
lake,ph,ntp,ntp_ge_0.80,ntp,0.8,ground_truth,False,73,18,0,9,True
lake,ph,ntp,ntp_ge_0.85,ntp,0.85,ground_truth,False,73,17,0,9,True
lake,ph,ntp,ntp_ge_0.90,ntp,0.9,ground_truth,False,73,17,0,9,True
lake,ph,ntp,ntp_ge_0.95,ntp,0.95,ground_truth,False,73,16,0,9,True
lake,ph,ntp,valid,,,ground_truth,False,73,94,0,16,True
lake,chla,ntp,ntp_ge_0.00,ntp,0.0,ground_truth,True,112,111,1,12,True
lake,chla,ntp,ntp_ge_0.05,ntp,0.05,ground_truth,True,112,111,1,12,True
lake,chla,ntp,ntp_ge_0.10,ntp,0.1,ground_truth,True,112,111,1,12,True
lake,chla,ntp,ntp_ge_0.15,ntp,0.15,ground_truth,True,112,111,1,12,True
lake,chla,ntp,ntp_ge_0.20,ntp,0.2,ground_truth,True,112,72,1,8,True
lake,chla,ntp,ntp_ge_0.25,ntp,0.25,ground_truth,True,112,63,1,7,True
lake,chla,ntp,ntp_ge_0.30,ntp,0.3,ground_truth,True,112,60,1,7,True
lake,chla,ntp,ntp_ge_0.35,ntp,0.35,ground_truth,True,112,59,1,7,True
lake,chla,ntp,ntp_ge_0.40,ntp,0.4,ground_truth,True,112,57,1,7,True
lake,chla,ntp,ntp_ge_0.45,ntp,0.45,ground_truth,True,112,57,1,7,True
lake,chla,ntp,ntp_ge_0.50,ntp,0.5,ground_truth,True,112,57,1,7,True
lake,chla,ntp,ntp_ge_0.55,ntp,0.55,ground_truth,True,112,54,1,7,True
lake,chla,ntp,ntp_ge_0.60,ntp,0.6,ground_truth,True,112,52,1,7,True
lake,chla,ntp,ntp_ge_0.65,ntp,0.65,ground_truth,True,112,52,1,7,True
lake,chla,ntp,ntp_ge_0.70,ntp,0.7,ground_truth,True,112,51,1,7,True
lake,chla,ntp,ntp_ge_0.75,ntp,0.75,ground_truth,True,112,50,1,7,True
lake,chla,ntp,ntp_ge_0.80,ntp,0.8,ground_truth,True,112,50,1,7,True
lake,chla,ntp,ntp_ge_0.85,ntp,0.85,ground_truth,True,112,48,1,7,True
lake,chla,ntp,ntp_ge_0.90,ntp,0.9,ground_truth,True,112,47,1,7,True
lake,chla,ntp,ntp_ge_0.95,ntp,0.95,ground_truth,True,112,44,1,7,True
lake,chla,ntp,valid,,,ground_truth,True,112,91,1,11,True
pond,surface_area,probe,probe_ge_0.00,probe,0.0,ground_truth,True,274,324,2,24,True
pond,surface_area,probe,probe_ge_0.05,probe,0.05,ground_truth,True,274,324,2,24,True
pond,surface_area,probe,probe_ge_0.10,probe,0.1,ground_truth,True,274,321,2,24,True
pond,surface_area,probe,probe_ge_0.15,probe,0.15,ground_truth,True,274,319,2,24,True
pond,surface_area,probe,probe_ge_0.20,probe,0.2,ground_truth,True,274,309,2,23,True
pond,surface_area,probe,probe_ge_0.25,probe,0.25,ground_truth,True,274,307,2,23,True
pond,surface_area,probe,probe_ge_0.30,probe,0.3,ground_truth,True,274,301,2,23,True
pond,surface_area,probe,probe_ge_0.35,probe,0.35,ground_truth,True,274,296,2,23,True
pond,surface_area,probe,probe_ge_0.40,probe,0.4,ground_truth,True,274,286,2,22,True
pond,surface_area,probe,probe_ge_0.45,probe,0.45,ground_truth,True,274,272,2,21,True
pond,surface_area,probe,probe_ge_0.50,probe,0.5,ground_truth,True,274,260,2,21,True
pond,surface_area,probe,probe_ge_0.55,probe,0.55,ground_truth,True,274,258,2,21,True
pond,surface_area,probe,probe_ge_0.60,probe,0.6,ground_truth,True,274,244,2,18,True
pond,surface_area,probe,probe_ge_0.65,probe,0.65,ground_truth,True,274,218,2,17,True
pond,surface_area,probe,probe_ge_0.70,probe,0.7,ground_truth,True,274,193,2,17,True
pond,surface_area,probe,probe_ge_0.75,probe,0.75,ground_truth,True,274,181,2,17,True
pond,surface_area,probe,probe_ge_0.80,probe,0.8,ground_truth,True,274,159,2,16,True
pond,surface_area,probe,probe_ge_0.85,probe,0.85,ground_truth,True,274,110,1,14,True
pond,surface_area,probe,probe_ge_0.90,probe,0.9,ground_truth,True,274,51,0,12,True
pond,surface_area,probe,probe_ge_0.95,probe,0.95,ground_truth,True,274,9,0,6,True
pond,surface_area,probe,valid,,,ground_truth,True,274,275,2,24,True
pond,max_depth,probe,probe_ge_0.00,probe,0.0,ground_truth,True,161,121,0,21,True
pond,max_depth,probe,probe_ge_0.05,probe,0.05,ground_truth,True,161,121,0,21,True
pond,max_depth,probe,probe_ge_0.10,probe,0.1,ground_truth,True,161,120,0,21,True
pond,max_depth,probe,probe_ge_0.15,probe,0.15,ground_truth,True,161,115,0,20,True
pond,max_depth,probe,probe_ge_0.20,probe,0.2,ground_truth,True,161,114,0,20,True
pond,max_depth,probe,probe_ge_0.25,probe,0.25,ground_truth,True,161,110,0,20,True
pond,max_depth,probe,probe_ge_0.30,probe,0.3,ground_truth,True,161,110,0,20,True
pond,max_depth,probe,probe_ge_0.35,probe,0.35,ground_truth,True,161,108,0,20,True
pond,max_depth,probe,probe_ge_0.40,probe,0.4,ground_truth,True,161,104,0,18,True
pond,max_depth,probe,probe_ge_0.45,probe,0.45,ground_truth,True,161,99,0,15,True
pond,max_depth,probe,probe_ge_0.50,probe,0.5,ground_truth,True,161,97,0,15,True
pond,max_depth,probe,probe_ge_0.55,probe,0.55,ground_truth,True,161,95,0,14,True
pond,max_depth,probe,probe_ge_0.60,probe,0.6,ground_truth,True,161,88,0,14,True
pond,max_depth,probe,probe_ge_0.65,probe,0.65,ground_truth,True,161,84,0,14,True
pond,max_depth,probe,probe_ge_0.70,probe,0.7,ground_truth,True,161,76,0,13,True
pond,max_depth,probe,probe_ge_0.75,probe,0.75,ground_truth,True,161,67,0,12,True
pond,max_depth,probe,probe_ge_0.80,probe,0.8,ground_truth,True,161,52,0,10,True
pond,max_depth,probe,probe_ge_0.85,probe,0.85,ground_truth,True,161,46,0,8,True
pond,max_depth,probe,probe_ge_0.90,probe,0.9,ground_truth,True,161,32,0,2,True
pond,max_depth,probe,probe_ge_0.95,probe,0.95,ground_truth,True,161,29,0,2,True
pond,max_depth,probe,valid,,,ground_truth,True,161,97,0,17,True
pond,ph,probe,probe_ge_0.00,probe,0.0,ground_truth,False,115,181,0,12,True
pond,ph,probe,probe_ge_0.05,probe,0.05,ground_truth,False,115,177,0,12,True
pond,ph,probe,probe_ge_0.10,probe,0.1,ground_truth,False,115,174,0,12,True
pond,ph,probe,probe_ge_0.15,probe,0.15,ground_truth,False,115,167,0,12,True
pond,ph,probe,probe_ge_0.20,probe,0.2,ground_truth,False,115,159,0,12,True
pond,ph,probe,probe_ge_0.25,probe,0.25,ground_truth,False,115,154,0,12,True
pond,ph,probe,probe_ge_0.30,probe,0.3,ground_truth,False,115,150,0,12,True
pond,ph,probe,probe_ge_0.35,probe,0.35,ground_truth,False,115,147,0,12,True
pond,ph,probe,probe_ge_0.40,probe,0.4,ground_truth,False,115,141,0,11,True
pond,ph,probe,probe_ge_0.45,probe,0.45,ground_truth,False,115,133,0,11,True
pond,ph,probe,probe_ge_0.50,probe,0.5,ground_truth,False,115,123,0,11,True
pond,ph,probe,probe_ge_0.55,probe,0.55,ground_truth,False,115,112,0,11,True
pond,ph,probe,probe_ge_0.60,probe,0.6,ground_truth,False,115,100,0,10,True
pond,ph,probe,probe_ge_0.65,probe,0.65,ground_truth,False,115,87,0,10,True
pond,ph,probe,probe_ge_0.70,probe,0.7,ground_truth,False,115,75,0,9,True
pond,ph,probe,probe_ge_0.75,probe,0.75,ground_truth,False,115,68,0,8,True
pond,ph,probe,probe_ge_0.80,probe,0.8,ground_truth,False,115,50,0,4,True
pond,ph,probe,probe_ge_0.85,probe,0.85,ground_truth,False,115,33,0,3,True
pond,ph,probe,probe_ge_0.90,probe,0.9,ground_truth,False,115,20,0,2,True
pond,ph,probe,probe_ge_0.95,probe,0.95,ground_truth,False,115,7,0,1,True
pond,ph,probe,valid,,,ground_truth,False,115,145,0,11,True
pond,chla,probe,probe_ge_0.00,probe,0.0,ground_truth,True,29,73,0,9,True
pond,chla,probe,probe_ge_0.05,probe,0.05,ground_truth,True,29,72,0,9,True
pond,chla,probe,probe_ge_0.10,probe,0.1,ground_truth,True,29,72,0,9,True
pond,chla,probe,probe_ge_0.15,probe,0.15,ground_truth,True,29,69,0,8,True
pond,chla,probe,probe_ge_0.20,probe,0.2,ground_truth,True,29,61,0,7,True
pond,chla,probe,probe_ge_0.25,probe,0.25,ground_truth,True,29,54,0,7,True
pond,chla,probe,probe_ge_0.30,probe,0.3,ground_truth,True,29,46,0,6,True
pond,chla,probe,probe_ge_0.35,probe,0.35,ground_truth,True,29,37,0,6,True
pond,chla,probe,probe_ge_0.40,probe,0.4,ground_truth,True,29,30,0,6,True
pond,chla,probe,probe_ge_0.45,probe,0.45,ground_truth,True,29,25,0,5,True
pond,chla,probe,probe_ge_0.50,probe,0.5,ground_truth,True,29,23,0,5,True
pond,chla,probe,probe_ge_0.55,probe,0.55,ground_truth,True,29,20,0,4,True
pond,chla,probe,probe_ge_0.60,probe,0.6,ground_truth,True,29,17,0,4,True
pond,chla,probe,probe_ge_0.65,probe,0.65,ground_truth,True,29,16,0,3,True
pond,chla,probe,probe_ge_0.70,probe,0.7,ground_truth,True,29,16,0,3,True
pond,chla,probe,probe_ge_0.75,probe,0.75,ground_truth,True,29,13,0,3,True
pond,chla,probe,probe_ge_0.80,probe,0.8,ground_truth,True,29,8,0,3,True
pond,chla,probe,probe_ge_0.85,probe,0.85,ground_truth,True,29,1,0,1,False
pond,chla,probe,probe_ge_0.90,probe,0.9,ground_truth,True,29,1,0,1,False
pond,chla,probe,probe_ge_0.95,probe,0.95,ground_truth,True,29,0,0,0,False
pond,chla,probe,valid,,,ground_truth,True,29,57,0,7,True
lake,surface_area,probe,probe_ge_0.00,probe,0.0,ground_truth,True,197,243,0,27,True
lake,surface_area,probe,probe_ge_0.05,probe,0.05,ground_truth,True,197,243,0,27,True
lake,surface_area,probe,probe_ge_0.10,probe,0.1,ground_truth,True,197,243,0,27,True
lake,surface_area,probe,probe_ge_0.15,probe,0.15,ground_truth,True,197,237,0,27,True
lake,surface_area,probe,probe_ge_0.20,probe,0.2,ground_truth,True,197,219,0,27,True
lake,surface_area,probe,probe_ge_0.25,probe,0.25,ground_truth,True,197,210,0,27,True
lake,surface_area,probe,probe_ge_0.30,probe,0.3,ground_truth,True,197,201,0,26,True
lake,surface_area,probe,probe_ge_0.35,probe,0.35,ground_truth,True,197,197,0,26,True
lake,surface_area,probe,probe_ge_0.40,probe,0.4,ground_truth,True,197,190,0,26,True
lake,surface_area,probe,probe_ge_0.45,probe,0.45,ground_truth,True,197,180,0,26,True
lake,surface_area,probe,probe_ge_0.50,probe,0.5,ground_truth,True,197,165,0,24,True
lake,surface_area,probe,probe_ge_0.55,probe,0.55,ground_truth,True,197,149,0,24,True
lake,surface_area,probe,probe_ge_0.60,probe,0.6,ground_truth,True,197,135,0,24,True
lake,surface_area,probe,probe_ge_0.65,probe,0.65,ground_truth,True,197,120,0,24,True
lake,surface_area,probe,probe_ge_0.70,probe,0.7,ground_truth,True,197,108,0,22,True
lake,surface_area,probe,probe_ge_0.75,probe,0.75,ground_truth,True,197,87,0,19,True
lake,surface_area,probe,probe_ge_0.80,probe,0.8,ground_truth,True,197,72,0,19,True
lake,surface_area,probe,probe_ge_0.85,probe,0.85,ground_truth,True,197,37,0,9,True
lake,surface_area,probe,probe_ge_0.90,probe,0.9,ground_truth,True,197,18,0,7,True
lake,surface_area,probe,probe_ge_0.95,probe,0.95,ground_truth,True,197,1,0,1,False
lake,surface_area,probe,valid,,,ground_truth,True,197,186,0,26,True
lake,max_depth,probe,probe_ge_0.00,probe,0.0,ground_truth,True,99,200,0,26,True
lake,max_depth,probe,probe_ge_0.05,probe,0.05,ground_truth,True,99,198,0,26,True
lake,max_depth,probe,probe_ge_0.10,probe,0.1,ground_truth,True,99,198,0,26,True
lake,max_depth,probe,probe_ge_0.15,probe,0.15,ground_truth,True,99,194,0,26,True
lake,max_depth,probe,probe_ge_0.20,probe,0.2,ground_truth,True,99,191,0,26,True
lake,max_depth,probe,probe_ge_0.25,probe,0.25,ground_truth,True,99,188,0,26,True
lake,max_depth,probe,probe_ge_0.30,probe,0.3,ground_truth,True,99,188,0,26,True
lake,max_depth,probe,probe_ge_0.35,probe,0.35,ground_truth,True,99,177,0,26,True
lake,max_depth,probe,probe_ge_0.40,probe,0.4,ground_truth,True,99,167,0,26,True
lake,max_depth,probe,probe_ge_0.45,probe,0.45,ground_truth,True,99,158,0,25,True
lake,max_depth,probe,probe_ge_0.50,probe,0.5,ground_truth,True,99,143,0,24,True
lake,max_depth,probe,probe_ge_0.55,probe,0.55,ground_truth,True,99,133,0,24,True
lake,max_depth,probe,probe_ge_0.60,probe,0.6,ground_truth,True,99,120,0,24,True
lake,max_depth,probe,probe_ge_0.65,probe,0.65,ground_truth,True,99,107,0,20,True
lake,max_depth,probe,probe_ge_0.70,probe,0.7,ground_truth,True,99,92,0,19,True
lake,max_depth,probe,probe_ge_0.75,probe,0.75,ground_truth,True,99,80,0,16,True
lake,max_depth,probe,probe_ge_0.80,probe,0.8,ground_truth,True,99,59,0,14,True
lake,max_depth,probe,probe_ge_0.85,probe,0.85,ground_truth,True,99,43,0,11,True
lake,max_depth,probe,probe_ge_0.90,probe,0.9,ground_truth,True,99,16,0,8,True
lake,max_depth,probe,probe_ge_0.95,probe,0.95,ground_truth,True,99,1,0,1,False
lake,max_depth,probe,valid,,,ground_truth,True,99,114,0,23,True
lake,ph,probe,probe_ge_0.00,probe,0.0,ground_truth,False,73,106,0,17,True
lake,ph,probe,probe_ge_0.05,probe,0.05,ground_truth,False,73,104,0,16,True
lake,ph,probe,probe_ge_0.10,probe,0.1,ground_truth,False,73,104,0,16,True
lake,ph,probe,probe_ge_0.15,probe,0.15,ground_truth,False,73,103,0,16,True
lake,ph,probe,probe_ge_0.20,probe,0.2,ground_truth,False,73,102,0,16,True
lake,ph,probe,probe_ge_0.25,probe,0.25,ground_truth,False,73,100,0,16,True
lake,ph,probe,probe_ge_0.30,probe,0.3,ground_truth,False,73,99,0,16,True
lake,ph,probe,probe_ge_0.35,probe,0.35,ground_truth,False,73,99,0,16,True
lake,ph,probe,probe_ge_0.40,probe,0.4,ground_truth,False,73,97,0,16,True
lake,ph,probe,probe_ge_0.45,probe,0.45,ground_truth,False,73,94,0,16,True
lake,ph,probe,probe_ge_0.50,probe,0.5,ground_truth,False,73,89,0,16,True
lake,ph,probe,probe_ge_0.55,probe,0.55,ground_truth,False,73,83,0,16,True
lake,ph,probe,probe_ge_0.60,probe,0.6,ground_truth,False,73,80,0,16,True
lake,ph,probe,probe_ge_0.65,probe,0.65,ground_truth,False,73,76,0,15,True
lake,ph,probe,probe_ge_0.70,probe,0.7,ground_truth,False,73,70,0,13,True
lake,ph,probe,probe_ge_0.75,probe,0.75,ground_truth,False,73,58,0,12,True
lake,ph,probe,probe_ge_0.80,probe,0.8,ground_truth,False,73,45,0,10,True
lake,ph,probe,probe_ge_0.85,probe,0.85,ground_truth,False,73,28,0,8,True
lake,ph,probe,probe_ge_0.90,probe,0.9,ground_truth,False,73,22,0,7,True
lake,ph,probe,probe_ge_0.95,probe,0.95,ground_truth,False,73,6,0,5,True
lake,ph,probe,valid,,,ground_truth,False,73,94,0,16,True
lake,chla,probe,probe_ge_0.00,probe,0.0,ground_truth,True,112,111,1,12,True
lake,chla,probe,probe_ge_0.05,probe,0.05,ground_truth,True,112,111,1,12,True
lake,chla,probe,probe_ge_0.10,probe,0.1,ground_truth,True,112,111,1,12,True
lake,chla,probe,probe_ge_0.15,probe,0.15,ground_truth,True,112,110,1,12,True
lake,chla,probe,probe_ge_0.20,probe,0.2,ground_truth,True,112,107,0,12,True
lake,chla,probe,probe_ge_0.25,probe,0.25,ground_truth,True,112,98,0,12,True
lake,chla,probe,probe_ge_0.30,probe,0.3,ground_truth,True,112,87,0,12,True
lake,chla,probe,probe_ge_0.35,probe,0.35,ground_truth,True,112,78,0,12,True
lake,chla,probe,probe_ge_0.40,probe,0.4,ground_truth,True,112,71,0,12,True
lake,chla,probe,probe_ge_0.45,probe,0.45,ground_truth,True,112,61,0,11,True
lake,chla,probe,probe_ge_0.50,probe,0.5,ground_truth,True,112,55,0,11,True
lake,chla,probe,probe_ge_0.55,probe,0.55,ground_truth,True,112,48,0,11,True
lake,chla,probe,probe_ge_0.60,probe,0.6,ground_truth,True,112,33,0,9,True
lake,chla,probe,probe_ge_0.65,probe,0.65,ground_truth,True,112,21,0,7,True
lake,chla,probe,probe_ge_0.70,probe,0.7,ground_truth,True,112,14,0,5,True
lake,chla,probe,probe_ge_0.75,probe,0.75,ground_truth,True,112,8,0,4,True
lake,chla,probe,probe_ge_0.80,probe,0.8,ground_truth,True,112,7,0,4,True
lake,chla,probe,probe_ge_0.85,probe,0.85,ground_truth,True,112,4,0,2,False
lake,chla,probe,probe_ge_0.90,probe,0.9,ground_truth,True,112,1,0,1,False
lake,chla,probe,probe_ge_0.95,probe,0.95,ground_truth,True,112,0,0,0,False
lake,chla,probe,valid,,,ground_truth,True,112,91,1,11,True
