Train dataset,Test dataset,Method,Fit sample,Recalibration,coef,intercept,N,Label rate,Train prevalence,Raw mean prob,Scaled mean prob
pond,pond,probe,0,intercept_fit,1.0,-1.6193950278246712,100,0.41,0.4985203973789896,0.6531848020400894,0.4099999999999999
pond,pond,ntp,0,intercept_fit,1.0,-1.5365428733635287,100,0.41,0.4985203973789896,0.6030539694155727,0.4099999999999999
pond,pond,probe,1,intercept_fit,1.0,-1.1027752764328103,100,0.39,0.4985203973789896,0.5385564865248085,0.39000000000000024
pond,pond,ntp,1,intercept_fit,1.0,-1.0935937664214501,100,0.39,0.4985203973789896,0.5501404209827562,0.3899999999999999
pond,nfix,probe,0,intercept_fit,1.0,-2.1742898870557608,100,0.25,0.4985203973789896,0.6241906631399692,0.25000000000000006
pond,nfix,ntp,0,intercept_fit,1.0,-3.589701778868104,100,0.25,0.4985203973789896,0.6486656157762246,0.24999999999999997
pond,nfix,probe,1,intercept_fit,1.0,-1.3947090112798657,100,0.35,0.4985203973789896,0.6041607459721688,0.3499999999999993
pond,nfix,ntp,1,intercept_fit,1.0,-2.589110668487066,100,0.35,0.4985203973789896,0.6436160891760478,0.3500000000000001
pond,supermat,probe,0,intercept_fit,1.0,-2.8462341726537996,100,0.26,0.4985203973789896,0.6716687241599416,0.26
pond,supermat,ntp,0,intercept_fit,1.0,-1.2104574411216429,100,0.26,0.4985203973789896,0.45763780261605064,0.2599999999999999
pond,supermat,probe,1,intercept_fit,1.0,-2.6433516449841896,100,0.26,0.4985203973789896,0.6631870766387757,0.26
pond,supermat,ntp,1,intercept_fit,1.0,-1.3597391403186971,100,0.26,0.4985203973789896,0.4712891255651844,0.25999999999999995
nfix,pond,probe,0,intercept_fit,1.0,-0.9247189185625354,100,0.41,0.4962228517469311,0.5593456823219387,0.4099999999999999
nfix,pond,ntp,0,intercept_fit,1.0,-0.9146612564863736,100,0.41,0.4962228517469311,0.5945813312163282,0.4099999999999998
nfix,pond,probe,1,intercept_fit,1.0,-0.22659039540656287,100,0.39,0.4962228517469311,0.42081109593133353,0.39000000000001117
nfix,pond,ntp,1,intercept_fit,1.0,-0.8299518162224786,100,0.39,0.4962228517469311,0.5616822590688241,0.3899999999999623
nfix,nfix,probe,0,intercept_fit,1.0,-2.1587405938041955,100,0.25,0.4962228517469311,0.6473956737770823,0.24999999999997108
nfix,nfix,ntp,0,intercept_fit,1.0,-1.8211279414618748,100,0.25,0.4962228517469311,0.6072628443060338,0.2499999999999976
nfix,nfix,probe,1,intercept_fit,1.0,-1.331939256624108,100,0.35,0.4962228517469311,0.606983112801026,0.34999999999999626
nfix,nfix,ntp,1,intercept_fit,1.0,-1.3005324893337555,100,0.35,0.4962228517469311,0.6107306987035902,0.3499999999999624
nfix,supermat,probe,0,intercept_fit,1.0,-2.2340569778004467,100,0.26,0.4962228517469311,0.6402570201570361,0.2600000000000115
nfix,supermat,ntp,0,intercept_fit,1.0,-1.1816687646273083,100,0.26,0.4962228517469311,0.5024077763785931,0.26000000000000006
nfix,supermat,probe,1,intercept_fit,1.0,-2.156668668902096,100,0.26,0.4962228517469311,0.6283351703398439,0.2600000000000002
nfix,supermat,ntp,1,intercept_fit,1.0,-1.2290253051357674,100,0.26,0.4962228517469311,0.5102586086256895,0.26
supermat,pond,probe,0,intercept_fit,1.0,-2.5249191863415286,100,0.41,0.5,0.752763806258242,0.41
supermat,pond,ntp,0,intercept_fit,1.0,-2.247844676114532,100,0.41,0.5,0.6396568057014328,0.4100000000000001
supermat,pond,probe,1,intercept_fit,1.0,-2.3272425215173627,100,0.39,0.5,0.7076779371277514,0.39000000000000007
supermat,pond,ntp,1,intercept_fit,1.0,-1.4092278360492712,100,0.39,0.5,0.5747454258236033,0.3900000000000056
supermat,nfix,probe,0,intercept_fit,1.0,-4.523512671342863,100,0.25,0.5,0.9058184109016598,0.25000000000005085
supermat,nfix,ntp,0,intercept_fit,1.0,-9.845736852372639,100,0.25,0.5,0.7136316825099729,0.24999999999996636
supermat,nfix,probe,1,intercept_fit,1.0,-3.956343903887555,100,0.35,0.5,0.9245332657946445,0.35
supermat,nfix,ntp,1,intercept_fit,1.0,-6.224268377083012,100,0.35,0.5,0.706642061888801,0.35
supermat,supermat,probe,0,intercept_fit,1.0,-3.681633510560441,100,0.26,0.5,0.7924458051543648,0.2599999999999997
supermat,supermat,ntp,0,intercept_fit,1.0,-1.3601420735731495,100,0.26,0.5,0.47617882675356005,0.25999999999999995
supermat,supermat,probe,1,intercept_fit,1.0,-3.4307692647458756,100,0.26,0.5,0.8060806247997023,0.26
supermat,supermat,ntp,1,intercept_fit,1.0,-1.5742118572679984,100,0.26,0.5,0.49050691552641495,0.26000000000000006
