Train dataset,Test dataset,Type,Platt N,Recalibration,Fit sample,coef,intercept,Label rate,Train prevalence
pond,pond,Probe,10,platt_fit,0,0.8162772951235719,-1.6242344878852533,0.4,0.4985203973789896
pond,pond,Probe,10,platt_fit,1,0.5337540008232412,-0.4007595731809826,0.4,0.4985203973789896
pond,pond,NTP,10,platt_fit,0,0.20676504620717862,-0.6184906412923082,0.4,0.4985203973789896
pond,pond,NTP,10,platt_fit,1,0.8338805938134374,-0.8681453845324235,0.4,0.4985203973789896
pond,pond,Probe,1000,platt_fit,0,0.690629316611153,-0.9266654341461081,0.418,0.4985203973789896
pond,pond,Probe,1000,platt_fit,1,0.6545420359448095,-0.7942197312577675,0.389,0.4985203973789896
pond,pond,NTP,1000,platt_fit,0,0.39361308105093196,-0.7886769187013647,0.418,0.4985203973789896
pond,pond,NTP,1000,platt_fit,1,0.4488820729017457,-0.8972760263097523,0.389,0.4985203973789896
pond,nfix,Probe,10,platt_fit,0,-1.058846973028688,0.42140841219014163,0.3,0.4985203973789896
pond,nfix,Probe,10,platt_fit,1,0.057931065555688235,-0.8811453601859471,0.3,0.4985203973789896
pond,nfix,NTP,10,platt_fit,0,5.765133508684388,-15.59882633097252,0.3,0.4985203973789896
pond,nfix,NTP,10,platt_fit,1,0.205557243803027,-1.1760569228941415,0.3,0.4985203973789896
pond,nfix,Probe,1000,platt_fit,0,0.3237078946242772,-1.4728168802576131,0.24,0.4985203973789896
pond,nfix,Probe,1000,platt_fit,1,0.4801905547015329,-1.3097163681212065,0.285,0.4985203973789896
pond,nfix,NTP,1000,platt_fit,0,0.5011821830431052,-2.185449585233101,0.24,0.4985203973789896
pond,nfix,NTP,1000,platt_fit,1,0.3944702065851487,-1.8140102609691904,0.285,0.4985203973789896
pond,supermat,Probe,10,platt_fit,0,6.984333319195377,-22.15179765070153,0.1,0.4985203973789896
pond,supermat,Probe,10,platt_fit,1,0.8976079034048267,-2.6632572665698064,0.2,0.4985203973789896
pond,supermat,NTP,10,platt_fit,0,3.6127658733327186,-7.279556483979485,0.1,0.4985203973789896
pond,supermat,NTP,10,platt_fit,1,0.8289335515698466,-1.7767343081244888,0.2,0.4985203973789896
pond,supermat,Probe,1000,platt_fit,0,0.9033013547900071,-2.9349680995292555,0.211,0.4985203973789896
pond,supermat,Probe,1000,platt_fit,1,0.6873362513180868,-2.4568497842657964,0.215,0.4985203973789896
pond,supermat,NTP,1000,platt_fit,0,0.699898944479563,-1.6993461179616975,0.211,0.4985203973789896
pond,supermat,NTP,1000,platt_fit,1,0.718890306324153,-1.5988417158786312,0.215,0.4985203973789896
nfix,pond,Probe,10,platt_fit,0,0.19569478001939886,-0.46562391030494843,0.4,0.4962228517469311
nfix,pond,Probe,10,platt_fit,1,0.29299918172604844,-0.19156509828065557,0.4,0.4962228517469311
nfix,pond,NTP,10,platt_fit,0,0.5261020827109184,-0.6067666594069955,0.4,0.4962228517469311
nfix,pond,NTP,10,platt_fit,1,2.184186462910724,-0.8158161984223703,0.4,0.4962228517469311
nfix,pond,Probe,1000,platt_fit,0,0.5029594607639872,-0.4712280647374697,0.418,0.4962228517469311
nfix,pond,Probe,1000,platt_fit,1,0.6400269631554119,-0.26591308222567545,0.389,0.4962228517469311
nfix,pond,NTP,1000,platt_fit,0,1.003958271297845,-0.7713211663391124,0.418,0.4962228517469311
nfix,pond,NTP,1000,platt_fit,1,1.14440326668586,-0.8778236395033316,0.389,0.4962228517469311
nfix,nfix,Probe,10,platt_fit,0,0.3810094086858424,-1.311262379195836,0.3,0.4962228517469311
nfix,nfix,Probe,10,platt_fit,1,0.042780090809566594,-0.8683869395888828,0.3,0.4962228517469311
nfix,nfix,NTP,10,platt_fit,0,12.832508970219273,-13.219604392566573,0.3,0.4962228517469311
nfix,nfix,NTP,10,platt_fit,1,0.5156454729345256,-1.1578410909448635,0.3,0.4962228517469311
nfix,nfix,Probe,1000,platt_fit,0,0.5345834031526012,-1.596349414988692,0.24,0.4962228517469311
nfix,nfix,Probe,1000,platt_fit,1,0.5819889829825264,-1.3300604910718439,0.285,0.4962228517469311
nfix,nfix,NTP,1000,platt_fit,0,1.2716751144778413,-2.1495294070722117,0.24,0.4962228517469311
nfix,nfix,NTP,1000,platt_fit,1,0.9999569877420612,-1.7853392522182505,0.285,0.4962228517469311
nfix,supermat,Probe,10,platt_fit,0,1.9519496347586527,-4.968097399461768,0.1,0.4962228517469311
nfix,supermat,Probe,10,platt_fit,1,-0.1954349946238617,-1.1349875433518481,0.2,0.4962228517469311
nfix,supermat,NTP,10,platt_fit,0,8.010598097849714,-7.526987448121989,0.1,0.4962228517469311
nfix,supermat,NTP,10,platt_fit,1,2.1902983361516246,-1.7308234560453528,0.2,0.4962228517469311
nfix,supermat,Probe,1000,platt_fit,0,0.06099687448735993,-1.3712822252933585,0.211,0.4962228517469311
nfix,supermat,Probe,1000,platt_fit,1,0.15012860683144433,-1.430645184665553,0.215,0.4962228517469311
nfix,supermat,NTP,1000,platt_fit,0,1.7882160455495133,-1.6728148326065115,0.211,0.4962228517469311
nfix,supermat,NTP,1000,platt_fit,1,1.8332135121400326,-1.5705006941142299,0.215,0.4962228517469311
supermat,pond,Probe,10,platt_fit,0,0.19566855124461877,-0.629697501705346,0.4,0.5
supermat,pond,Probe,10,platt_fit,1,0.7253568889630672,-2.2456235925144217,0.4,0.5
supermat,pond,NTP,10,platt_fit,0,0.0810629605409225,-0.6784255639606269,0.4,0.5
supermat,pond,NTP,10,platt_fit,1,0.3529052463021255,-1.1476958027842814,0.4,0.5
supermat,pond,Probe,1000,platt_fit,0,0.3788986941920139,-1.00255209333864,0.418,0.5
supermat,pond,Probe,1000,platt_fit,1,0.5453857299697233,-1.4206421546844274,0.389,0.5
supermat,pond,NTP,1000,platt_fit,0,0.15935372667930806,-0.9195355366204528,0.418,0.5
supermat,pond,NTP,1000,platt_fit,1,0.18139467568264325,-1.0451051339690276,0.389,0.5
supermat,nfix,Probe,10,platt_fit,0,2.97218697415472,-10.906080300200838,0.3,0.5
supermat,nfix,Probe,10,platt_fit,1,0.019105878754626632,-0.8878871947736403,0.3,0.5
supermat,nfix,NTP,10,platt_fit,0,2.45411838821586,-18.221693945451257,0.3,0.5
supermat,nfix,NTP,10,platt_fit,1,0.08178458191268136,-1.234025293220844,0.3,0.5
supermat,nfix,Probe,1000,platt_fit,0,0.5154659450457867,-2.8596403167799433,0.24,0.5
supermat,nfix,Probe,1000,platt_fit,1,0.6633311142602544,-3.095610632647328,0.285,0.5
supermat,nfix,NTP,1000,platt_fit,0,0.2020362253089245,-2.3440683918173155,0.24,0.5
supermat,nfix,NTP,1000,platt_fit,1,0.15912834232660036,-1.9413618942408304,0.285,0.5
supermat,supermat,Probe,10,platt_fit,0,7.839023311159757,-34.79583947037837,0.1,0.5
supermat,supermat,Probe,10,platt_fit,1,3.24682133491769,-9.791371118779063,0.2,0.5
supermat,supermat,NTP,10,platt_fit,0,4.226494968784867,-7.668593128693281,0.1,0.5
supermat,supermat,NTP,10,platt_fit,1,0.34051814281650733,-2.0467438519189716,0.2,0.5
supermat,supermat,Probe,1000,platt_fit,0,1.2725437078956083,-4.746986961245786,0.211,0.5
supermat,supermat,Probe,1000,platt_fit,1,0.7985532946154187,-3.3784592985927535,0.215,0.5
supermat,supermat,NTP,1000,platt_fit,0,0.2838846028716682,-1.93081178638713,0.211,0.5
supermat,supermat,NTP,1000,platt_fit,1,0.2914486678691357,-1.8352855682424578,0.215,0.5
