dataset,ecosystem,attribute,setting,reference,unit,n_ref,n_ext,n_eff,ext_qlo,ext_qhi,w2,w2_skip,w2_lo,w2_hi,w2_n_boot_ok,w2_log,w2_log_skip,w2_log_lo,w2_log_hi,w2_log_n_boot_ok,w2_shuffled
pond,pond,surface_area,extracted,ground_truth,m^2,207,326,326.0,0.0015337423312883436,0.9984662576687117,2591.603064866236,,1884.0358129455421,9998.42469532954,20,0.239447862436453,,0.19729100736121782,0.43240954473815496,20,2591.603064866236
pond,pond,surface_area,judge_filtered,ground_truth,m^2,207,258,258.0,0.001937984496124031,0.998062015503876,3477.5020206178215,,3316.327619338642,18718.239265593355,20,0.2567903875138219,,0.23062815387977464,0.4607333913477766,20,3477.5020206178215
pond,pond,surface_area,ntp_weighted,ground_truth,m^2,207,326,279.5083524258755,0.0005516007565638459,0.9994484041839202,1689.4989179168142,,2274.185592967779,7231.456281537455,20,0.27930004271277026,,0.23862796455745627,0.47948787432006384,20,4664.789056774501
pond,pond,surface_area,probe_weighted,ground_truth,m^2,207,326,295.5579247118349,0.0018342276212727595,0.9998462885013133,1381.6147798935594,,1688.7223249730932,7477.207379163811,20,0.2726186006187361,,0.22532999433464945,0.4516113845092259,20,2637.479222614089
pond,pond,max_depth,extracted,ground_truth,m,161,121,121.0,0.004132231404958678,0.9958677685950413,10.888013883929077,,8.503361010505431,13.854740197824125,20,0.4560505830565177,,0.36641237862867065,0.5634578824714808,20,10.888013883929077
pond,pond,max_depth,judge_filtered,ground_truth,m,161,81,81.0,0.006172839506172839,0.9938271604938271,1.7356820880756878,,1.0603341610118904,4.5598896443577495,20,0.3040883646211197,,0.2467417262423617,0.39115514636859555,20,1.7356820880756878
pond,pond,max_depth,ntp_weighted,ground_truth,m,161,121,102.4284086655976,0.0015399851718990655,0.9980911112218185,8.87143457580945,,5.457322218360634,12.22365281688819,20,0.3851780465821333,,0.305870832007399,0.46606789676229016,20,9.839094816341062
pond,pond,max_depth,probe_weighted,ground_truth,m,161,121,107.06276858595692,0.0007282663718198908,0.996660732256292,7.702265403555498,,4.447819211692555,11.452227441426082,20,0.3796165003851975,,0.2925566896387797,0.4588156481479175,20,10.756409710096131
pond,pond,ph,extracted,ground_truth,,115,181,181.0,0.0027624309392265192,0.9972375690607734,1.6043750592733483,,1.1890225619665358,1.979408522517358,20,,n/a,,,0,1.6043750592733483
pond,pond,ph,judge_filtered,ground_truth,,115,111,111.0,0.0045045045045045045,0.9954954954954955,0.2638502469562586,,0.2053119700931585,0.4982309061693544,20,,n/a,,,0,0.2638502469562586
pond,pond,ph,ntp_weighted,ground_truth,,115,181,134.48093654661892,0.0014313921812136466,0.9985686122495704,1.00726766879792,,0.7215095765650091,1.3003064442452406,20,,n/a,,,0,1.7595144448053877
pond,pond,ph,probe_weighted,ground_truth,,115,181,151.1743639677771,0.0009322820466222219,0.9998469352681915,1.3453689866139042,,1.0822384528492308,1.5922016485885289,20,,n/a,,,0,1.5449255966484987
pond,pond,chla,extracted,ground_truth,µg/L,41,73,73.0,0.00684931506849315,0.9931506849315068,80.70763036160825,,54.76684094913484,236.2599218301038,20,1.2603545046423517,,1.0899619585965983,1.386109506362502,20,80.70763036160825
pond,pond,chla,judge_filtered,ground_truth,µg/L,41,54,54.0,0.009259259259259259,0.9907407407407407,53.7900543811759,,40.33601867709977,85.20831824636001,20,1.1101401344639348,,0.9303887896118775,1.3730668527420802,20,53.7900543811759
pond,pond,chla,ntp_weighted,ground_truth,µg/L,41,73,54.936499668288334,0.004077133928444589,0.9939465654438088,59.830964181998354,,46.87011946932458,195.89204743450563,20,1.1556633503999332,,0.9732139079159179,1.277622440691822,20,81.11568007544331
pond,pond,chla,probe_weighted,ground_truth,µg/L,41,73,54.7781957804427,0.00616196713615307,0.9878187226100242,85.11360672840095,,48.97380735200753,393.5873723786653,20,1.0378352735650587,,0.7963401817353435,1.2399732094727043,20,77.10127172725142
pond,lake,surface_area,extracted,ground_truth,m^2,197,243,243.0,0.00205761316872428,0.9979423868312757,174727.2690295172,,143938.1256087544,215626.7654447776,20,0.4093086931904595,,0.344104294133966,0.5614425039461692,20,174727.2690295172
pond,lake,surface_area,judge_filtered,ground_truth,m^2,197,183,183.0,0.00273224043715847,0.9972677595628415,186345.3528209817,,153928.15294678943,225122.6660718545,20,0.38961782033827963,,0.33199609340003916,0.5246306931126281,20,186345.3528209817
pond,lake,surface_area,ntp_weighted,ground_truth,m^2,197,243,208.69267757723708,0.0007228433722428379,0.9992771557961945,181152.33116838452,,149596.64761930786,224650.58836705587,20,0.39204617110787543,,0.3284131042908713,0.5618969039521798,20,176403.35205689017
pond,lake,surface_area,probe_weighted,ground_truth,m^2,197,243,207.41071669707284,0.0014950148413335907,0.9996805835372088,194837.265389351,,163472.02962681142,239984.15777182294,20,0.42132388477125426,,0.36134313407424,0.5756462256753445,20,185378.76580866709
pond,lake,max_depth,extracted,ground_truth,m,99,193,193.0,0.0025906735751295338,0.9974093264248705,5.839725346598039,,3.9098389803302034,7.855074230126367,20,0.24526210243225446,,0.20818785237580212,0.3470157469070573,20,5.839725346598039
pond,lake,max_depth,judge_filtered,ground_truth,m,99,112,112.0,0.004464285714285714,0.9955357142857143,5.828067466819795,,3.1269917902045306,8.776282019726363,20,0.227192034046537,,0.17058404358303786,0.39656859400280414,20,5.828067466819795
pond,lake,max_depth,ntp_weighted,ground_truth,m,99,193,147.38312380832932,0.001163220524021139,0.9988367775993767,4.168233865266586,,2.7349988576941624,5.287492498266503,20,0.23250837676404368,,0.17321233352350912,0.3686051722946071,20,5.829370559591715
pond,lake,max_depth,probe_weighted,ground_truth,m,99,193,170.77140277366354,0.0028127284671178887,0.9987382640990742,5.653285183941341,,3.677514174794432,8.176943833661943,20,0.23632986455084326,,0.20474237249073318,0.33782006217235344,20,6.699183273256021
pond,lake,ph,extracted,ground_truth,,69,106,106.0,0.0047169811320754715,0.9952830188679245,0.8270427389321293,,0.5705214297672729,1.225559536375319,20,,n/a,,,0,0.8270427389321293
pond,lake,ph,judge_filtered,ground_truth,,69,93,93.0,0.005376344086021506,0.9946236559139785,0.7233378521305747,,0.4358755107022349,1.0805502428202736,20,,n/a,,,0,0.7233378521305747
pond,lake,ph,ntp_weighted,ground_truth,,69,106,77.06013143345372,0.0031212087880595624,0.996878783270244,0.9641385006347127,,0.6661674299525304,1.3526631374321718,20,,n/a,,,0,0.8852315560631037
pond,lake,ph,probe_weighted,ground_truth,,69,106,96.98631821740217,0.0022492533188293094,0.9960807473121962,0.7456012785365292,,0.5187444797102364,1.1739442803687015,20,,n/a,,,0,0.7309752007102246
pond,lake,chla,extracted,ground_truth,µg/L,123,112,112.0,0.004464285714285714,0.9955357142857143,34.10863645941784,,17.65392412914314,215.56985364922238,20,0.22127697518617703,,0.1604903429842522,0.2960348214259276,20,34.10863645941784
pond,lake,chla,judge_filtered,ground_truth,µg/L,123,92,92.0,0.005434782608695652,0.9945652173913043,19.316548671107668,,11.338643567843832,110.46769371893114,20,0.29482945495836427,,0.1809673104598607,0.407738908053595,20,19.316548671107668
pond,lake,chla,ntp_weighted,ground_truth,µg/L,123,112,86.30604824701622,0.007190143133618232,0.9979978734019672,34.22148551352678,,20.88402625610611,74.55318034386177,20,0.162997759054777,,0.11680247961801828,0.2622423816151838,20,24.58880403567306
pond,lake,chla,probe_weighted,ground_truth,µg/L,123,112,95.84363737564341,0.0015541235560447592,0.993595799727585,33.78514116349301,,17.633461189471813,286.8998976518249,20,0.21275151516939292,,0.14331472797265266,0.3337151677830515,20,41.40784839552146
