Dataset type,Judge model,Train dataset,Test dataset,Type,N,N docs,Label rate,Recalibration,Fit source,Fit n,Fit seed,pi_te,Intercept,Mean prob,Doc resamples,Accuracy,Precision,Recall,F1,AUROC,SmECE,SmECE_lo,SmECE_hi,ECE,ECE_lo,ECE_hi,ECE_em,ECE_em_lo,ECE_em_hi,RMSCE_db,RMSCE_db_lo,RMSCE_db_hi,Validity,Curve sigma
syn,qwen-2.5-7b,pond,pond,NTP,3080,66,0.5,,,,,,,0.5306351687817525,3,0.7525974025974026,0.9523255813953488,0.5318181818181819,0.6825000000000001,0.9342768595041322,0.05647963542032894,0.060800500236495574,0.07212073716735921,0.091511481625428,0.10145270470324065,0.11768706133386278,0.20967034476486293,0.19546852113493912,0.21485630349419124,0.2553399525916556,0.24466411421906414,0.25507690995309035,0.9523255813953488,0.056640625
syn,qwen-2.5-7b,pond,nfix,NTP,728,45,0.5,,,,,,,0.45827688429224694,3,0.5934065934065934,0.7982456140350878,0.25,0.3807531380753138,0.7626456647747857,0.08188747766410448,0.06689280825141464,0.10539330646658189,0.08328357271862998,0.06706245171852612,0.11023825123641526,0.1723259753845451,0.15788985100036995,0.1726510968933725,0.18188963754943382,0.19690251560620725,0.21460507513126503,0.7982456140350878,0.08203125
syn,qwen-2.5-7b,pond,supermat,NTP,956,88,0.5,,,,,,,0.4981808860551059,3,0.7175732217573222,1.0,0.4351464435146444,0.6064139941690962,0.9339734948617846,0.03673762553667536,0.031042346875070598,0.03676017189439801,0.050529857159739115,0.03013874680556311,0.04307606999897186,0.22652521178691357,0.23569878102466293,0.27449388197946856,0.28243095943791247,0.2923983977549332,0.321494029730055,1.0,0.0380859375
syn,qwen-2.5-7b,nfix,pond,NTP,3080,66,0.5,,,,,,,0.5468162950949623,3,0.7496753246753247,0.9550295857988166,0.5240259740259741,0.6767295597484277,0.9342768595041322,0.09855021673245334,0.08928439396553016,0.12388780958376938,0.12684355126713984,0.1220641605989508,0.15682167345838502,0.2606979002890014,0.24688233665631718,0.2555704639132372,0.2898019364613519,0.28350992453862833,0.28717816320547007,0.9550295857988166,0.0986328125
syn,qwen-2.5-7b,nfix,nfix,NTP,728,45,0.5,,,,,,,0.4977905249539506,3,0.5906593406593407,0.7946428571428571,0.2445054945054945,0.3739495798319328,0.7626456647747857,0.02611214321892607,0.027441858088380806,0.03505312975925592,0.007149799938259562,0.01704454896605425,0.03480093686425756,0.16660733419386484,0.15520745971430575,0.17192374489015608,0.1816988029822658,0.1935138612491185,0.2041042596208479,0.7946428571428571,0.02734375
syn,qwen-2.5-7b,nfix,supermat,NTP,956,88,0.5,,,,,,,0.5267310416131408,3,0.7123430962343096,1.0,0.4246861924686193,0.5961820851688694,0.9339734948617846,0.08651815688586165,0.06341541553897619,0.07921964817598787,0.10227122463388222,0.0706652063965219,0.09345722830268931,0.2727292309369839,0.28380937116786753,0.3126429697873753,0.3067981746534668,0.3148110676021405,0.3416224696572664,1.0,0.0869140625
syn,qwen-2.5-7b,supermat,pond,NTP,3080,66,0.5,,,,,,,0.5574322701845519,3,0.7769480519480519,0.9465968586387434,0.587012987012987,0.7246492985971943,0.9342768595041322,0.0782799128346979,0.08108908620234234,0.09783291697200416,0.12297033005721571,0.13235114207409118,0.14255779990739678,0.19573593778707146,0.19098269517803537,0.19609604010902096,0.2455297642547735,0.23415190381499656,0.2424982664909869,0.9465968586387434,0.0791015625
syn,qwen-2.5-7b,supermat,nfix,NTP,728,45,0.5,,,,,,,0.4840388548093774,3,0.614010989010989,0.816793893129771,0.29395604395604397,0.4323232323232324,0.7626456647747857,0.06918556180258474,0.06268878416076658,0.08871413893649471,0.07452987996066944,0.08107093170609762,0.11101931424228854,0.15730514176652885,0.1568836600258591,0.18225620219526645,0.16546506742679462,0.1887179535511026,0.2137101871793451,0.816793893129771,0.0693359375
syn,qwen-2.5-7b,supermat,supermat,NTP,956,88,0.5,,,,,,,0.5187359524419327,3,0.7395397489539749,0.9956709956709957,0.4811715481171548,0.6488011283497884,0.9339734948617846,0.04897638832022767,0.03247529309064672,0.04185152165917624,0.06650091734120234,0.04102213765072309,0.05453956545872224,0.21568839006328736,0.22462532862605278,0.260053847948083,0.2685009109886733,0.27844104090863453,0.309333958651107,0.9956709956709957,0.0498046875
real,qwen-2.5-7b,pond,pond,NTP,4725,65,0.5411640211640212,prior_shift,oracle,4725.0,,0.5411640211640212,0.1709480404914165,0.6486253740393139,3,0.7077248677248678,0.7792022792022792,0.6417676965193586,0.7038387304310529,0.8044141543292633,0.10793562504380345,0.07365567028840721,0.1666791420315741,0.11115408990340875,0.07217922219785804,0.17024310003572457,0.1520678161755972,0.14999316776519028,0.20175699978970527,0.1825557453272732,0.1744089711851965,0.23864142172486733,0.7792022792022792,0.1083984375
real,qwen-2.5-7b,pond,nfix,NTP,2906,41,0.3165863730213352,prior_shift,oracle,2906.0,,0.3165863730213352,-0.7635857468022651,0.4028748800584895,3,0.7350309704060565,0.6074498567335244,0.4608695652173913,0.5241038318912237,0.7433939752178291,0.08711481524840595,0.07830550679896137,0.10958236020956563,0.08628850703715427,0.08153584336856312,0.10905262313634019,0.1376362028390261,0.12186218039721577,0.1421300604180744,0.1682876257529148,0.1487188069306221,0.16848206798544216,0.6074498567335244,0.087890625
real,qwen-2.5-7b,pond,supermat,NTP,1867,85,0.4756293519014462,prior_shift,oracle,1867.0,,0.4756293519014462,-0.09164147177857364,0.521783444506941,3,0.7375468666309588,0.8698884758364313,0.527027027027027,0.6563814866760167,0.8388621640026134,0.052840272216213735,0.04269422586698495,0.12693686904412138,0.059095332607238094,0.03860015631451981,0.13541692977721426,0.13173156521183768,0.1317865536224083,0.16042997426282907,0.152225783286843,0.15814605089779923,0.1902589161973632,0.8698884758364313,0.0537109375
real,qwen-2.5-7b,nfix,pond,NTP,4725,65,0.5411640211640212,prior_shift,oracle,4725.0,,0.5411640211640212,0.18013849315645197,0.6423399418133439,3,0.7174603174603175,0.7672790901137357,0.6859601095033242,0.7243444146190378,0.8044141543292633,0.10101111118286449,0.06334539384449507,0.1586452325224252,0.11803085891003277,0.08530957612121233,0.17035419180288577,0.13745445335291875,0.121429686597501,0.19022657145948443,0.17846634076765533,0.16228564056529332,0.22887253830450155,0.7672790901137357,0.1015625
real,qwen-2.5-7b,nfix,nfix,NTP,2906,41,0.3165863730213352,prior_shift,oracle,2906.0,,0.3165863730213352,-0.7543952941372296,0.3791244915496285,3,0.7487955953200275,0.6599326599326599,0.4260869565217391,0.5178335535006605,0.7433939752178291,0.06253810275626755,0.0264920739906871,0.0749163414402075,0.06299177721292619,0.027678989209045872,0.07502272899594921,0.08287679342320453,0.08013548068425502,0.09405334657937002,0.09883655867386437,0.09902478968592827,0.11073461505338178,0.6599326599326599,0.0634765625
real,qwen-2.5-7b,nfix,supermat,NTP,1867,85,0.4756293519014462,prior_shift,oracle,1867.0,,0.4756293519014462,-0.08245101911353815,0.5326457516959353,3,0.7316550615961436,0.869980879541109,0.5123873873873874,0.6449326718639263,0.8388621640026134,0.08835011000478324,0.07565953439054975,0.1611131829623962,0.09494538500738511,0.09189443420023347,0.1791906379431651,0.15136421908410777,0.14822164134078697,0.20461295644403563,0.18376696875526125,0.1875238289974645,0.2412919206683382,0.869980879541109,0.0888671875
real,qwen-2.5-7b,supermat,pond,NTP,4725,65,0.5411640211640212,prior_shift,oracle,4725.0,,0.5411640211640212,0.16502961273164984,0.6790030519578952,3,0.7174603174603175,0.7672790901137357,0.6859601095033242,0.7243444146190378,0.8044141543292633,0.12929615837423136,0.08475469067518517,0.1871163425204192,0.14222029538067182,0.10076415490241686,0.1967321591505755,0.15587375318997143,0.15072988467805082,0.21262308427795917,0.19635366438368154,0.182080718083128,0.2565989462578894,0.7672790901137357,0.1298828125
real,qwen-2.5-7b,supermat,nfix,NTP,2906,41,0.3165863730213352,prior_shift,oracle,2906.0,,0.3165863730213352,-0.7695041745620318,0.4577905253612877,3,0.7088781830695113,0.5420454545454545,0.5184782608695652,0.5299999999999999,0.7433939752178291,0.12526539026933523,0.08058614697915609,0.16362358283525075,0.14553392340904142,0.09313848412636065,0.18352223192181374,0.16245829590556504,0.14620590370798905,0.18552979928395932,0.22731344564763203,0.18293809657850577,0.24301720056985912,0.5420454545454545,0.1259765625
real,qwen-2.5-7b,supermat,supermat,NTP,1867,85,0.4756293519014462,prior_shift,oracle,1867.0,,0.4756293519014462,-0.0975598995383403,0.5476540519391526,3,0.741831815747188,0.8476027397260274,0.5574324324324325,0.672554347826087,0.8388621640026134,0.07498759489564803,0.05894995199735885,0.1619588245456,0.08961611890368724,0.07570187111806045,0.16802033542524397,0.14556193292916456,0.12594474166027825,0.18230033086871508,0.15917582784181206,0.15670157281016417,0.20381653736609978,0.8476027397260274,0.0751953125
