arm,gamma,n,mean,se,n_eff
ntp,0.0,2,1.4765007140219288,0.11503881800558607,99.0
ntp,2.5,2,3.0276545363311396,0.0010665851680027344,12.241945436788045
ntp,5.0,2,3.026258689964531,0.0025240154961526495,10.243053947451962
probe,0.0,2,1.4765007140219288,0.11503881800558607,99.0
probe,2.5,2,2.019799998956641,0.10206758030666062,14.628009886098456
probe,5.0,2,1.962972467506395,0.04173531093664727,6.620659260363961
random,0.0,2,1.4765007140219288,0.11503881800558607,99.0
random,2.5,2,1.764894426113012,0.25682244192664316,49.56384679266131
random,5.0,2,2.0258545605548792,0.16548900308556436,29.632089081486534
ntp_shuffled,0.0,2,1.4765007140219288,0.11503881800558607,99.0
ntp_shuffled,2.5,2,2.5941049090686663,0.38019946856574294,12.241945436788045
ntp_shuffled,5.0,2,2.7222013204643583,0.3902648003884383,10.243053947451962
probe_shuffled,0.0,2,1.4765007140219288,0.11503881800558607,99.0
probe_shuffled,2.5,2,2.567828831716037,0.1988708136789571,14.628009886098456
probe_shuffled,5.0,2,2.5736031151363665,0.43101651168730293,6.620659260363961
