Dataset type,Judge model,Train dataset,Test dataset,Type,N,N docs,Label rate,Platt N,Recalibration,Fit samples,Doc resamples,Accuracy,Precision,Recall,F1,AUROC,SmECE,SmECE_lo,SmECE_hi,ECE,ECE_lo,ECE_hi,ECE_em,ECE_em_lo,ECE_em_hi,RMSCE_db,RMSCE_db_lo,RMSCE_db_hi,Validity,Curve sigma
syn,qwen-2.5-7b,pond,pond,Probe,3080,66,0.5,,,1,2000,0.8827922077922078,0.8523610280932457,0.925974025974026,0.8876439464674758,0.9507189239332098,0.05076895907228567,0.04085448360472077,0.07630884789896242,0.05137724229398676,0.04305122428961643,0.08096511223518471,0.053345360733217925,0.03996719694324451,0.0801092276803265,0.061206514675545665,0.04321139215682164,0.10464838062139976,0.8523610280932457,0.05078125
syn,qwen-2.5-7b,pond,nfix,Probe,728,45,0.5,,,1,2000,0.7184065934065934,0.7539936102236422,0.6483516483516484,0.6971935007385525,0.7906578311798091,0.08752599608901986,0.04952841320557864,0.14358298097386488,0.08968338384401477,0.05326464514404945,0.15271517926336714,0.09022477018324236,0.05693447226755778,0.1547861690249022,0.09849209680513973,0.05136051979381595,0.179148980703131,0.7539936102236422,0.087890625
syn,qwen-2.5-7b,pond,supermat,Probe,956,88,0.5,,,1,2000,0.8786610878661087,0.8867521367521367,0.8682008368200836,0.8773784355179703,0.9396544178148143,0.07104467112302883,0.05074009144445999,0.09644981848850087,0.07224388289692421,0.0560339791470318,0.10709032393722054,0.07096129811317617,0.05041791434333274,0.10295834762879813,0.07734073320183814,0.04805286877656221,0.11879849015504981,0.8867521367521367,0.0712890625
syn,qwen-2.5-7b,nfix,pond,Probe,3080,66,0.5,,,1,2000,0.7344155844155844,0.8832271762208068,0.5402597402597402,0.6704270749395649,0.8823857311519651,0.1485094145213324,0.11616907243236028,0.17898984036140717,0.14901971431544006,0.11935770596269926,0.17967770022497906,0.149075889068216,0.11976502407995177,0.18320961524552268,0.18161382903272838,0.14787913871188818,0.21966479191310692,0.8832271762208068,0.1494140625
syn,qwen-2.5-7b,nfix,nfix,Probe,728,45,0.5,,,1,2000,0.695054945054945,0.8034188034188035,0.5164835164835165,0.6287625418060201,0.8163114358169302,0.1350954202392458,0.08801266709936177,0.18375736793695097,0.13538273991407768,0.09550065956510266,0.18890967636340672,0.13860858285520575,0.09747434805909863,0.19570222845229265,0.1446768626635771,0.10162248799553168,0.2187849320456146,0.8034188034188035,0.1357421875
syn,qwen-2.5-7b,nfix,supermat,Probe,956,88,0.5,,,1,2000,0.7813807531380753,0.9752650176678446,0.5774058577405857,0.7253613666228648,0.9076478002836085,0.15784740716829482,0.13062481632935008,0.1838842211440948,0.15839429307491454,0.13548329417379043,0.18480593151470281,0.1583942930749146,0.13862207415357372,0.19107843418470727,0.20649015160491105,0.18632899000336342,0.23400275544944063,0.9752650176678446,0.158203125
syn,qwen-2.5-7b,supermat,pond,Probe,3080,66,0.5,,,1,2000,0.813961038961039,0.7986411365040148,0.8396103896103896,0.818613485280152,0.897069488952606,0.04438052683388045,0.03029891766871919,0.09077079996746326,0.045391345834003845,0.030927933230916978,0.09109438084590353,0.04284836255920412,0.029647934487006755,0.09133882575787527,0.052187074331730116,0.03001308562522001,0.1126580174200147,0.7986411365040148,0.044921875
syn,qwen-2.5-7b,supermat,nfix,Probe,728,45,0.5,,,1,2000,0.6085164835164835,0.564437194127243,0.9505494505494505,0.7082906857727738,0.7192971863301534,0.2858702158730944,0.21939751340690328,0.3408733141833633,0.2868573422888284,0.23041337485312435,0.3434705133549676,0.28585323303359556,0.2283554278363209,0.3417144016261706,0.3046809078518823,0.24423225705203067,0.36358814582835186,0.564437194127243,0.2861328125
syn,qwen-2.5-7b,supermat,supermat,Probe,956,88,0.5,,,1,2000,0.9497907949790795,0.9694323144104804,0.9288702928870293,0.9487179487179487,0.9891283415906584,0.0631852860651678,0.052108364455791416,0.07727016760612,0.06416020700980529,0.055120081197758776,0.08106896378067016,0.0637636045567146,0.05127566801803444,0.07954444163693314,0.07064177023911535,0.056010552175507086,0.09513205049920752,0.9694323144104804,0.0634765625
real,qwen-2.5-7b,pond,pond,Probe,4725,65,0.5411640211640212,100.0,prior_shift,100,100,0.7041947089947088,0.7056627980984242,0.7865076261243645,0.7412287860412689,0.7846098799763906,0.06717999162515474,0.03389252947953768,0.15983046785863655,0.06933179554836366,0.03405253328136124,0.16208880415809396,0.06892387576004928,0.03755204786261243,0.1615024559620147,0.0795672463951733,0.041211818572375075,0.18313431140029376,0.7056627980984242,0.0615234375
real,qwen-2.5-7b,pond,nfix,Probe,2906,41,0.3165863730213352,100.0,prior_shift,100,100,0.6364143152099104,0.4571065102297145,0.5732608695652174,0.49706026010873094,0.681517907964447,0.12721830312191806,0.05874805097827273,0.24779172872978125,0.13456994289610022,0.06597980204282895,0.2544018028349308,0.13560948321242897,0.06884600508790766,0.253700971911977,0.1528032696182467,0.0786926276919787,0.278104651654006,0.4571065102297145,0.1220703125
real,qwen-2.5-7b,pond,supermat,Probe,1867,85,0.4756293519014462,100.0,prior_shift,100,100,0.6771290840921265,0.6101971465951066,0.9196734234234234,0.7316404895817261,0.8217442416880623,0.18805372181472585,0.069293339346964,0.30379124114342293,0.18847477404336266,0.07805415717622365,0.30389361060572107,0.1882978368356217,0.07593171731598392,0.30389361060572107,0.20439500217054804,0.08831418569280701,0.3328865553699605,0.6101971465951066,0.193359375
real,qwen-2.5-7b,nfix,pond,Probe,4725,65,0.5411640211640212,100.0,prior_shift,100,100,0.6654243386243386,0.7394716262377576,0.6011654282362143,0.6537029828730202,0.7521337310068451,0.09234266834965206,0.03241248398937196,0.2234517768966716,0.0935952967857435,0.03320506243415752,0.22520648346096528,0.092647239931535,0.034101661642806494,0.22398867320896476,0.10246342965041531,0.0372041917791766,0.24491863666716104,0.7394716262377576,0.0830078125
real,qwen-2.5-7b,nfix,nfix,Probe,2906,41,0.3165863730213352,100.0,prior_shift,100,100,0.6874535443909154,0.5086686706731185,0.3538586956521739,0.4055526434858334,0.7215437409693947,0.06230924775778287,0.03866104606394133,0.13063284593724167,0.06878287054757683,0.040562368116255104,0.1470242060217242,0.07160707651436753,0.04480980962701603,0.1445348409636782,0.09528901100155393,0.05020423569847058,0.16918515603214443,0.5086686706731185,0.05859375
real,qwen-2.5-7b,nfix,supermat,Probe,1867,85,0.4756293519014462,100.0,prior_shift,100,100,0.64037493304767,0.6687114877015519,0.4932545045045045,0.5573106773363865,0.7352694880784766,0.10081728743685113,0.04930418914837118,0.21385124966312988,0.10965089297097737,0.05909608110716407,0.22186984246018288,0.10539300747230682,0.06001442027171103,0.2192735919829606,0.12753354562366348,0.06605413979790808,0.2568195187345856,0.6687114877015519,0.087890625
real,qwen-2.5-7b,supermat,pond,Probe,4725,65,0.5411640211640212,100.0,prior_shift,100,100,0.6311851851851852,0.6049545123361427,0.9230856472428626,0.7304251390030204,0.7010529845716915,0.22695828087699152,0.11715347688974624,0.33092667504659173,0.229379297661565,0.1218447707422906,0.3307141452197371,0.22862986361536655,0.11891485491656918,0.330714145219737,0.2483586355646059,0.1306188879726304,0.3505810696143129,0.6049545123361427,0.2275390625
real,qwen-2.5-7b,supermat,nfix,Probe,2906,41,0.3165863730213352,100.0,prior_shift,100,100,0.3498485891259464,0.32526888425574735,0.9806304347826087,0.48848838827010566,0.5965650860370416,0.5479028018033651,0.3675812288252848,0.7162855084054038,0.5478681557309395,0.36881617057433996,0.7162525086465038,0.5478681557309393,0.3675260454673462,0.7162525086465038,0.5583083807539441,0.3844844620932322,0.7272211751018531,0.32526888425574735,0.548828125
real,qwen-2.5-7b,supermat,supermat,Probe,1867,85,0.4756293519014462,100.0,prior_shift,100,100,0.675254418853776,0.6007557233793002,0.9530968468468468,0.7365797627804767,0.7991434999861968,0.2551951076628025,0.16260201287180373,0.34434963402514446,0.25494403976349933,0.16935337167051456,0.343584463631732,0.25492141118894834,0.1633529309726005,0.343584463631732,0.26691599226869916,0.18524237516334074,0.363818952432938,0.6007557233793002,0.2587890625
