Dataset type,Judge model,Train dataset,Test dataset,Type,N,N docs,Label rate,Recalibration,Fit source,Fit n,Fit seed,pi_te,Intercept,Mean prob,Doc resamples,Accuracy,Precision,Recall,F1,AUROC,SmECE,SmECE_lo,SmECE_hi,ECE,ECE_lo,ECE_hi,ECE_em,ECE_em_lo,ECE_em_hi,RMSCE_db,RMSCE_db_lo,RMSCE_db_hi,Validity,relplot sigma
syn,qwen-2.5-7b,pond,pond,NTP,3080,66,0.5,,,,,,,0.5306351687817525,2000,0.7525974025974026,0.9523255813953488,0.5318181818181819,0.6825000000000001,0.9342768595041322,0.05647963542032894,0.04096559208243968,0.07219413130691722,0.091511481625428,0.06197190624063173,0.11766785106985236,0.20967034476486293,0.18488334068332904,0.24131867445516908,0.2553399525916556,0.23276334146838096,0.2896918228258958,0.9523255813953488,0.056640625
syn,qwen-2.5-7b,pond,nfix,NTP,728,45,0.5,,,,,,,0.45827688429224694,2000,0.5934065934065934,0.7982456140350878,0.25,0.3807531380753138,0.7626456647747857,0.08188747766410448,0.05010085406098369,0.1141177586327139,0.08328357271862998,0.050480706497648443,0.12026716159832045,0.1723259753845451,0.12822450197315716,0.23163457769681386,0.18188963754943382,0.14810506596185677,0.25574490413788276,0.7982456140350878,0.08203125
syn,qwen-2.5-7b,pond,supermat,NTP,956,88,0.5,,,,,,,0.4981808860551059,2000,0.7175732217573222,1.0,0.4351464435146444,0.6064139941690962,0.9339734948617846,0.03673762553667536,0.028527694718585576,0.054868186214631125,0.050529857159739115,0.028088774416262965,0.08128236393728158,0.22652521178691357,0.19485564936925678,0.26319347099724366,0.28243095943791247,0.2470001897502611,0.31346052339692443,1.0,0.0380859375
syn,qwen-2.5-7b,nfix,pond,NTP,3080,66,0.5,,,,,,,0.5468162950949623,2000,0.7496753246753247,0.9550295857988166,0.5240259740259741,0.6767295597484277,0.9342768595041322,0.09855021673245334,0.0799653793186028,0.11852487075915415,0.12684355126713984,0.09997853010737974,0.15134753789657843,0.2606979002890014,0.2358166638946292,0.28675730987062215,0.2898019364613519,0.2697969312981716,0.3175417134078317,0.9550295857988166,0.0986328125
syn,qwen-2.5-7b,nfix,nfix,NTP,728,45,0.5,,,,,,,0.4977905249539506,2000,0.5906593406593407,0.7946428571428571,0.2445054945054945,0.3739495798319328,0.7626456647747857,0.02611214321892607,0.023875386216642838,0.04695134338240847,0.007149799938259562,0.008193915599297979,0.05013887838202139,0.16660733419386484,0.12807255808989726,0.22008433708463948,0.1816988029822658,0.14474454261949496,0.2453904124216374,0.7946428571428571,0.02734375
syn,qwen-2.5-7b,nfix,supermat,NTP,956,88,0.5,,,,,,,0.5267310416131408,2000,0.7123430962343096,1.0,0.4246861924686193,0.5961820851688694,0.9339734948617846,0.08651815688586165,0.06509533700119546,0.11200775550601769,0.10227122463388222,0.07431206718779174,0.13571004191607478,0.2727292309369839,0.24830806703263508,0.3067707761626556,0.3067981746534668,0.28120609907214933,0.3339198580408956,1.0,0.0869140625
syn,qwen-2.5-7b,supermat,pond,NTP,3080,66,0.5,,,,,,,0.5574322701845519,2000,0.7769480519480519,0.9465968586387434,0.587012987012987,0.7246492985971943,0.9342768595041322,0.0782799128346979,0.059467535329621915,0.09648014110671786,0.12297033005721571,0.09878728954065755,0.1440940638530328,0.19573593778707146,0.1766216699077009,0.2289651030665218,0.2455297642547735,0.22283574091555505,0.27566598570987694,0.9465968586387434,0.0791015625
syn,qwen-2.5-7b,supermat,nfix,NTP,728,45,0.5,,,,,,,0.4840388548093774,2000,0.614010989010989,0.816793893129771,0.29395604395604397,0.4323232323232324,0.7626456647747857,0.06918556180258474,0.04977928866473894,0.10285304895801586,0.07452987996066944,0.061473844477491525,0.12526358189270745,0.15730514176652885,0.11918758733472809,0.2269500705419672,0.16546506742679462,0.1345027312700154,0.24717401654813612,0.816793893129771,0.0693359375
syn,qwen-2.5-7b,supermat,supermat,NTP,956,88,0.5,,,,,,,0.5187359524419327,2000,0.7395397489539749,0.9956709956709957,0.4811715481171548,0.6488011283497884,0.9339734948617846,0.04897638832022767,0.034363327153904166,0.07243819484487977,0.06650091734120234,0.0443318712121497,0.09369609414133169,0.21568839006328736,0.1856547519390368,0.2509514485971886,0.2685009109886733,0.23579119094428336,0.30207488932390325,0.9956709956709957,0.0498046875
real,qwen-2.5-7b,pond,pond,NTP,4725,65,0.5411640211640212,intercept_fit,oracle,4725.0,,0.5411640211640212,-0.5717548112816312,0.5411640211640212,2000,0.6988359788359788,0.7940871369294605,0.5987485334376222,0.6827201783723523,0.8044141543292633,0.12240117758701036,0.07507032006817772,0.1751500226082479,0.1251449656742467,0.07618924917899576,0.18892087155922382,0.16795389682940381,0.1185461206237917,0.2147550580447243,0.18476828117749367,0.14567481857029752,0.2510037329300783,0.7940871369294605,0.123046875
real,qwen-2.5-7b,pond,nfix,NTP,2906,41,0.3165863730213352,intercept_fit,oracle,2906.0,,0.3165863730213352,-1.4274009239597691,0.3165863730213352,2000,0.7405368203716449,0.6280864197530864,0.4423913043478261,0.5191326530612245,0.7433939752178291,0.12352981491968608,0.06944889931726485,0.23035277402972124,0.12855615454473324,0.07213061859721943,0.2525103111398604,0.13970574259132573,0.10167122252864504,0.2503287929091726,0.16510404202373627,0.12873923366264908,0.2757867784200147,0.6280864197530864,0.1240234375
real,qwen-2.5-7b,pond,supermat,NTP,1867,85,0.4756293519014462,intercept_fit,oracle,1867.0,,0.4756293519014462,-0.3634137327089405,0.4756293519014458,2000,0.7316550615961436,0.869980879541109,0.5123873873873874,0.6449326718639263,0.8388621640026134,0.039028499768583476,0.03114257527843883,0.10656670848012437,0.04395400944375528,0.03919259260652654,0.12012574824896412,0.1288811140257944,0.10596441103298489,0.17524062911300942,0.14830732083632417,0.1281565304301196,0.20209232022622173,0.869980879541109,0.0390625
real,qwen-2.5-7b,nfix,pond,NTP,4725,65,0.5411640211640212,intercept_fit,oracle,4725.0,,0.5411640211640212,-0.3238505524763587,0.5411640211640212,2000,0.6929100529100529,0.8005434782608696,0.5760657019945248,0.6700022742779167,0.8044141543292633,0.03023198506728068,0.027109154792455056,0.08685745580355358,0.032120857416833994,0.02288851340813618,0.09837917434617482,0.11311421750176374,0.09304261151701383,0.16964700194560536,0.1427435569753037,0.11611722186689111,0.20012732318951384,0.8005434782608696,0.03125
real,qwen-2.5-7b,nfix,nfix,NTP,2906,41,0.3165863730213352,intercept_fit,oracle,2906.0,,0.3165863730213352,-1.0776846241790439,0.3165863730213351,2000,0.7505161734342739,0.6750448833034112,0.40869565217391307,0.5091401489505756,0.7433939752178291,0.017547205938263595,0.018499778565118696,0.10950835175724448,0.006496296914025533,0.010415674307183063,0.11546684900780795,0.061980805440010396,0.053482699528806195,0.1441771830705421,0.07687084373023466,0.06303577041503637,0.17891982245762936,0.6750448833034112,0.017578125
real,qwen-2.5-7b,nfix,supermat,NTP,1867,85,0.4756293519014462,intercept_fit,oracle,1867.0,,0.4756293519014462,-0.34621190409463903,0.47562935190144795,2000,0.726298875200857,0.8870636550308009,0.4864864864864865,0.6283636363636363,0.8388621640026134,0.05768190446299343,0.03568653199505359,0.118362420445919,0.06729539086370293,0.03470237828345992,0.13351188579703469,0.15812733869798745,0.12356591564814949,0.20199737034501275,0.17091328169810663,0.14613872421339302,0.22082131330999893,0.8870636550308009,0.05859375
real,qwen-2.5-7b,supermat,pond,NTP,4725,65,0.5411640211640212,intercept_fit,oracle,4725.0,,0.5411640211640212,-0.9296070351063035,0.5411640211640212,2000,0.7041269841269842,0.7856086742237556,0.6233867813844349,0.6951591801133886,0.8044141543292633,0.15473337887303198,0.09979268394862838,0.21522056498706232,0.16346628422980072,0.11342568558739642,0.22369236994807026,0.18061010181009418,0.13672293508069722,0.23151044761275705,0.20678219923681102,0.16090840709423354,0.2744133365149918,0.7856086742237556,0.1552734375
real,qwen-2.5-7b,supermat,nfix,NTP,2906,41,0.3165863730213352,intercept_fit,oracle,2906.0,,0.3165863730213352,-2.107553722110341,0.31658637302133513,2000,0.7309015829318651,0.5947802197802198,0.4706521739130435,0.5254854368932039,0.7433939752178291,0.16994106981448556,0.1153418040936148,0.2797775370025524,0.18851533229572376,0.13536027893247618,0.30790201759134644,0.19276855163472256,0.1425451656725088,0.3008749741573782,0.21964749241635603,0.18615817666629886,0.32892293842282955,0.5947802197802198,0.1708984375
real,qwen-2.5-7b,supermat,supermat,NTP,1867,85,0.4756293519014462,intercept_fit,oracle,1867.0,,0.4756293519014462,-0.5570517408422491,0.4756293519014462,2000,0.7380824852704874,0.8633879781420765,0.5337837837837838,0.6597077244258872,0.8388621640026134,0.06429989462368049,0.04016845894645343,0.13302209857981664,0.06537533051170372,0.04169975782046985,0.13277378881630408,0.14014428415336394,0.10837376596352458,0.17757184860268435,0.15334917375549623,0.13002129611814278,0.2056866362873466,0.8633879781420765,0.064453125
