Dataset type,Judge model,Train dataset,Test dataset,Type,Accuracy,Precision,Recall,F1,AUROC,ECE,ECE_lo,ECE_hi,ECE_em,ECE_em_lo,ECE_em_hi,RMSCE_db,RMSCE_db_lo,RMSCE_db_hi,Recovery,Validity
syn,llama-3.1-8b,pond,pond,NTP,0.754978354978355,0.6513353115727003,0.5701298701298702,0.6080332409972299,0.8095394459436667,0.04948967289989649,0.039975227381043914,0.06149001879123629,0.051817750162573284,0.04296928326564098,0.06549241774540404,0.058598180226842156,0.04769030382586324,0.07394008564587257,0.5701298701298702,0.6513353115727003
syn,llama-3.1-8b,pond,pond,Probe,0.8244588744588744,0.7647058823529411,0.6837662337662338,0.7219746314706891,0.8974696407488616,0.04785980912530116,0.04163781205941923,0.06006436100836064,0.04851534939172558,0.04069079477052884,0.059474856059082586,0.05209494591343806,0.04349105557447066,0.06600980776027629,0.6837662337662338,0.7647058823529411
syn,llama-3.1-8b,pond,nfix,NTP,0.682256867112101,0.5813953488372093,0.16703786191536749,0.25951557093425603,0.655935486431119,0.13597492887341547,0.11487265284831064,0.1616084436459593,0.13441031175716828,0.11196413896135247,0.15936548269363182,0.13991294105426844,0.12137431498071315,0.17112272220877553,0.16703786191536749,0.5813953488372093
syn,llama-3.1-8b,pond,nfix,Probe,0.6666666666666666,0.5,0.29398663697104677,0.3702664796633941,0.6500277776399919,0.07921927603123574,0.0647669315106506,0.10827469901882308,0.08852201935520138,0.06706677374307261,0.11122214932227567,0.09136096772338559,0.07245550399981388,0.12357620802755391,0.29398663697104677,0.5
syn,llama-3.1-8b,nfix,pond,NTP,0.7365800865800866,0.5907813378302417,0.6824675324675324,0.6333232901476348,0.8095394459436667,0.11813451322011748,0.10631337000885333,0.12965525330487931,0.11813451322011749,0.10657131530586927,0.12965525330487931,0.12699546329175596,0.11514382420523864,0.14083276378382467,0.6824675324675324,0.5907813378302417
syn,llama-3.1-8b,nfix,pond,Probe,0.7367965367965368,0.6208955223880597,0.5402597402597402,0.5777777777777777,0.7801619160060719,0.05527715465094446,0.0452707121949278,0.06758665321895249,0.05578852777502899,0.04483325395154979,0.06803303152858774,0.05692236963144854,0.04722902538817866,0.07280189122208942,0.5402597402597402,0.6208955223880597
syn,llama-3.1-8b,nfix,nfix,NTP,0.6844840386043058,0.5555555555555556,0.267260579064588,0.3609022556390978,0.655935486431119,0.07811996295584996,0.060876779161491645,0.10658007331548014,0.07933577870402805,0.06674012278278373,0.11085135980533824,0.09236433830367718,0.07470524793623684,0.1286667981422553,0.267260579064588,0.5555555555555556
syn,llama-3.1-8b,nfix,nfix,Probe,0.6926503340757239,0.6223776223776224,0.19821826280623608,0.30067567567567566,0.6822225584198491,0.0862096235061238,0.0688928430594704,0.11173824397713805,0.08299469693204536,0.06795862653545957,0.1095496089352993,0.09007241040264713,0.07455445497871019,0.12452321583421208,0.19821826280623608,0.6223776223776224
syn,mistral-7b,pond,pond,NTP,0.6666666666666666,,0.0,,0.711910840782594,0.014034712968938937,0.006647672094389637,0.027007940622756525,0.05032402915554401,0.04044559860852977,0.06338229074997426,0.06530653038625073,0.05251024007006024,0.08128078677551731,0.0,0.0
syn,mistral-7b,pond,pond,Probe,0.8186147186147186,0.7896039603960396,0.6214285714285714,0.6954941860465116,0.8902099848203745,0.06238534491751323,0.05605031972436404,0.0736382946695714,0.0593047046274496,0.055890082193434304,0.07201703684608159,0.08014613728048108,0.07116178775288626,0.09005691166115651,0.6214285714285714,0.7896039603960396
syn,mistral-7b,pond,nfix,NTP,0.6666666666666666,,0.0,,0.6144550374254095,0.05292201875609901,0.0364665405705197,0.0791779487452893,0.053226001501173584,0.047701322665064536,0.09184818453733377,0.05845349787130766,0.046040343782281896,0.10164439806581048,0.0,0.0
syn,mistral-7b,pond,nfix,Probe,0.6703786191536748,0.5070821529745042,0.3986636971046771,0.4463840399002494,0.7082814569372177,0.06027476680968695,0.05096810080105863,0.08959426474735217,0.06039103681061616,0.05489162759790288,0.09563820634028951,0.0837581588044535,0.06559792457982745,0.12044684725141154,0.3986636971046771,0.5070821529745042
syn,mistral-7b,nfix,pond,NTP,0.6666666666666666,,0.0,,0.711910840782594,0.05829861316892576,0.04641058338433639,0.07138770058475645,0.06706297196072981,0.058688328344722325,0.08092496454525541,0.08401187742893843,0.07361969976854273,0.09885295686687545,0.0,0.0
syn,mistral-7b,nfix,pond,Probe,0.7346320346320346,0.578187250996016,0.7538961038961038,0.6544532130777904,0.8132071175577669,0.11520169914265121,0.10453917659210253,0.12714698119366266,0.11534272597587181,0.10475704681539634,0.12756914959239496,0.13131027586958344,0.12063061831571896,0.14410978876048314,0.7538961038961038,0.578187250996016
syn,mistral-7b,nfix,nfix,NTP,0.6666666666666666,,0.0,,0.6144550374254095,0.023855527825594965,0.01378420626723433,0.050707879171321295,0.03433530731341105,0.030398378565829293,0.0717966361527424,0.006345789780845456,0.0,0.07744905443954345,0.0,0.0
syn,mistral-7b,nfix,nfix,Probe,0.6971046770601337,0.5953488372093023,0.28507795100222716,0.38554216867469876,0.6978276397438504,0.07202091446718625,0.05758823046963041,0.09932037567814195,0.07974072557872328,0.06073006280337056,0.10500463353426959,0.08160727263050549,0.061679679557349806,0.1149165095263384,0.28507795100222716,0.5953488372093023
syn,qwen-2.5-7b,pond,pond,NTP,0.7984848484848485,0.7711487088156723,0.5623376623376624,0.6503942921517086,0.87404273486254,0.04688341200872154,0.03632251973478574,0.05916001821777886,0.12339457413374973,0.11299496422854713,0.1351678712991802,0.1407152092705672,0.12964042453308514,0.15352295144917763,0.5623376623376624,0.7711487088156723
syn,qwen-2.5-7b,pond,pond,Probe,0.8727272727272727,0.8474452554744526,0.7538961038961038,0.7979381443298968,0.9116044020914151,0.06251525213465592,0.054794957244109634,0.07238101309161071,0.06068422584551682,0.05333362034444874,0.07016624382480074,0.0741383898114007,0.06462210993354452,0.0858436986869758,0.7538961038961038,0.8474452554744526
syn,qwen-2.5-7b,pond,nfix,NTP,0.674090571640683,0.625,0.0556792873051225,0.10224948875255624,0.6453576619163595,0.11290636901390137,0.08936887072850867,0.13757573027425118,0.13432216077298265,0.11073860347338868,0.15797839339405842,0.14501023235356533,0.12421033245030262,0.1763143829205015,0.0556792873051225,0.625
syn,qwen-2.5-7b,pond,nfix,Probe,0.7052709725315516,0.6192660550458715,0.30066815144766146,0.4047976011994003,0.7029516222637785,0.07771312137147005,0.056975602824881316,0.10055430425343331,0.06907175074659584,0.05170178576614925,0.09326782352372145,0.06795785542179889,0.05302122467950319,0.10165696627353434,0.30066815144766146,0.6192660550458715
syn,qwen-2.5-7b,pond,supermat,NTP,0.774526678141136,0.7625698324022346,0.46987951807228917,0.5814696485623003,0.8034555235942541,0.02569141983925159,0.018577876362158952,0.04649379410709324,0.09603979922951564,0.07959371221657813,0.1187067464107303,0.11242375591236796,0.0960749311759734,0.1419949152519368,0.46987951807228917,0.7625698324022346
syn,qwen-2.5-7b,pond,supermat,Probe,0.6758462421113024,0.5104438642297651,0.6729776247848537,0.5805493689680773,0.7085897067492986,0.14989024611667112,0.1348420115970492,0.17572565525749112,0.1494259980412803,0.13198141018875154,0.17362350986530273,0.24790626693375606,0.22015054114804727,0.27729647932260393,0.6729776247848537,0.5104438642297651
syn,qwen-2.5-7b,nfix,pond,NTP,0.8093073593073593,0.7498104624715694,0.6422077922077922,0.6918502973067506,0.87404273486254,0.14049367011267755,0.1313429876878792,0.15275957597103537,0.13779228877091435,0.1306085631770684,0.15008431088549298,0.16832824540451186,0.16204251105350895,0.1773749862703955,0.6422077922077922,0.7498104624715694
syn,qwen-2.5-7b,nfix,pond,Probe,0.8244588744588744,0.7464503042596349,0.7168831168831169,0.7313680026498841,0.8957492831843481,0.050631911746445254,0.045078737438069755,0.06296718284804431,0.04271056530259371,0.04066203727161996,0.05683316524970407,0.05711663490324373,0.04945772187339585,0.06780699750122463,0.7168831168831169,0.7464503042596349
syn,qwen-2.5-7b,nfix,nfix,NTP,0.6755753526354863,0.5652173913043478,0.11581291759465479,0.19223659889094266,0.6453576619163595,0.02794399225020862,0.014217021099186471,0.052814097528636694,0.09014418065546063,0.07314336797353153,0.11868517585556694,0.10248772188807614,0.08569249428569946,0.1358753043102391,0.11581291759465479,0.5652173913043478
syn,qwen-2.5-7b,nfix,nfix,Probe,0.6985894580549369,0.5754385964912281,0.36525612472160357,0.446866485013624,0.717418316377399,0.07652537102886635,0.05952070840150992,0.10232015596236461,0.08652672258540976,0.062486698344272736,0.10848211620567048,0.09033671241053984,0.0679311787143752,0.12244248116566488,0.36525612472160357,0.5754385964912281
syn,qwen-2.5-7b,nfix,supermat,NTP,0.7751004016064257,0.7310513447432763,0.5146299483648882,0.604040404040404,0.8034555235942541,0.11548847719425422,0.09858730716240906,0.135957291097819,0.11544867254110114,0.10066659113898618,0.13623278864595523,0.12547048464624183,0.11413889653792714,0.14807225065239993,0.5146299483648882,0.7310513447432763
syn,qwen-2.5-7b,nfix,supermat,Probe,0.6465863453815262,0.4826216484607746,0.8364888123924269,0.6120906801007556,0.7185760499583779,0.2498849932080205,0.2299454725522525,0.2714151174039737,0.24988499320802046,0.22972080956399654,0.27141565808490825,0.30607388316822887,0.28256781019034466,0.33525061619162294,0.8364888123924269,0.4826216484607746
syn,qwen-2.5-7b,supermat,pond,NTP,0.7976190476190477,0.7835051546391752,0.5428571428571428,0.6413502109704642,0.87404273486254,0.045177486127323405,0.034630367920671534,0.05761669893376011,0.1288570356876774,0.11796104968367345,0.13977949272656054,0.14605816509138875,0.13545165822876212,0.15773626963171528,0.5428571428571428,0.7835051546391752
syn,qwen-2.5-7b,supermat,pond,Probe,0.696969696969697,0.8723404255319149,0.10649350649350649,0.1898148148148148,0.8324116630123125,0.1765575320690382,0.1643164619904115,0.188246041493253,0.182500165364208,0.17140773965137351,0.19501942724777413,0.226226567494174,0.2129525266242311,0.2401012646589297,0.10649350649350649,0.8723404255319149
syn,qwen-2.5-7b,supermat,nfix,NTP,0.6755753526354863,0.6764705882352942,0.051224944320712694,0.09523809523809525,0.6453576619163595,0.1057580401595925,0.08309414399213727,0.1320193006866449,0.13499120864022393,0.11140399145761716,0.1584717500723184,0.14493225677721586,0.12409465576644681,0.1757577746772509,0.051224944320712694,0.6764705882352942
syn,qwen-2.5-7b,supermat,nfix,Probe,0.6703786191536748,1.0,0.011135857461024499,0.02202643171806167,0.6632717595646846,0.2096564642765648,0.186201058003737,0.23304026644504622,0.20965646427656484,0.18607385744833185,0.23304072102104956,0.21999430914862916,0.19978999690725535,0.24850981410073897,0.011135857461024499,1.0
syn,qwen-2.5-7b,supermat,supermat,NTP,0.7693631669535284,0.7594202898550725,0.4509466437177281,0.5658747300215984,0.8034555235942541,0.012206091124342672,0.01136823207130882,0.03435315326264784,0.08773437982091502,0.07584834086203983,0.11110011912492698,0.11026728804199225,0.09521614370651289,0.14058255848935367,0.4509466437177281,0.7594202898550725
syn,qwen-2.5-7b,supermat,supermat,Probe,0.7578886976477338,0.658051689860835,0.5697074010327022,0.6107011070110702,0.8305898785700955,0.05880686859177964,0.04681809739586659,0.07956695383260609,0.05646865356340277,0.04333528746643891,0.07784286375289604,0.05288560755501479,0.039835852542291404,0.08332322974614112,0.5697074010327022,0.658051689860835
syn,qwen-2.5-7b-base,pond,pond,NTP,0.6662337662337663,0.25,0.0006493506493506494,0.0012953367875647669,0.5591539467026481,0.023626591318427367,0.013664419513220482,0.037217037054983915,0.03222854615597598,0.026485708037892106,0.05001163811088934,0.03627460171369183,0.025244252923165178,0.05680236872089157,0.0006493506493506494,0.25
syn,qwen-2.5-7b-base,pond,pond,Probe,0.7651515151515151,0.6366366366366366,0.6883116883116883,0.6614664586583464,0.8526146905043008,0.061361485910794114,0.055072356021337046,0.074138388496501,0.057726496013986016,0.05305407507591091,0.07159863536695688,0.07174689605540356,0.06629083623991096,0.08363332415165126,0.6883116883116883,0.6366366366366366
syn,qwen-2.5-7b-base,pond,nfix,NTP,0.6666666666666666,,0.0,,0.5393475230777625,0.037320164008036186,0.017814907497831968,0.06251482879679478,0.04926610701761847,0.03721657854086607,0.08044001711979752,0.0509493907434788,0.02476763481483883,0.08897330001837127,0.0,0.0
syn,qwen-2.5-7b-base,pond,nfix,Probe,0.6406829992576095,0.46284501061571126,0.48552338530066813,0.4739130434782609,0.6313882371615219,0.11753118624857103,0.09598650573123023,0.14203652514604775,0.11237436910007927,0.09409958134746092,0.13895771335706666,0.1301867686328598,0.11011679757474305,0.16318182294987657,0.48552338530066813,0.46284501061571126
syn,qwen-2.5-7b-base,pond,supermat,NTP,0.6534710269650029,0.4195804195804196,0.10327022375215146,0.16574585635359118,0.5572229908075874,0.09584583901738572,0.073623369211243,0.11770388338344832,0.08822383215276183,0.0696318411680679,0.11109853048255358,0.08853305219644761,0.07304898119215059,0.11655229314003093,0.10327022375215146,0.4195804195804196
syn,qwen-2.5-7b-base,pond,supermat,Probe,0.6827309236947792,0.7258064516129032,0.0774526678141136,0.1399688958009331,0.677749354931405,0.19870129620640398,0.17857264660639685,0.2190164169915882,0.19799619298299523,0.17721339051122256,0.2173663850078753,0.20295022711351196,0.18362516459425604,0.22742305947088465,0.0774526678141136,0.7258064516129032
syn,qwen-2.5-7b-base,nfix,pond,NTP,0.6632034632034632,0.35714285714285715,0.012987012987012988,0.02506265664160401,0.5591539467026481,0.03514941362229298,0.02533075571180821,0.049050655736920516,0.04499192899211153,0.03561423672433384,0.06014534856924493,0.048080516119960774,0.03835985416622858,0.06710342883694409,0.012987012987012988,0.35714285714285715
syn,qwen-2.5-7b-base,nfix,pond,Probe,0.7287878787878788,0.6606942889137738,0.38311688311688313,0.48499794492396225,0.7876867937257548,0.05850219553267104,0.04671436628058402,0.07020200173480737,0.05097254655239726,0.043287055866710354,0.06413904195435793,0.058011578841796335,0.04879442272197478,0.07434257626997243,0.38311688311688313,0.6606942889137738
syn,qwen-2.5-7b-base,nfix,nfix,NTP,0.6659242761692651,0.0,0.0,,0.5393475230777625,0.012133478775966627,0.006040197423152713,0.03978098335474006,0.04942592158284572,0.032367863200560475,0.0748864306009288,0.037406050105943466,0.0,0.07583140541970618,0.0,0.0
syn,qwen-2.5-7b-base,nfix,nfix,Probe,0.6985894580549369,0.6423841059602649,0.21603563474387527,0.3233333333333333,0.7020426485979733,0.058432686291027824,0.04296293328331912,0.08365576612300941,0.05514633693665932,0.04675067005442086,0.08458976802346738,0.057867227844599065,0.044845847690361346,0.09330814131025837,0.21603563474387527,0.6423841059602649
syn,qwen-2.5-7b-base,nfix,supermat,NTP,0.6385542168674698,0.4241486068111455,0.23580034423407917,0.3030973451327434,0.5572229908075874,0.1116628656492202,0.09163953965749744,0.13415597459591755,0.10857812819555648,0.09040194910030025,0.13174380594022675,0.11239833928906497,0.0962660643602422,0.13863927912072474,0.23580034423407917,0.4241486068111455
syn,qwen-2.5-7b-base,nfix,supermat,Probe,0.555364314400459,0.41229656419529837,0.7848537005163512,0.5406046235921754,0.6670283296944848,0.27591163545500524,0.2558365887222795,0.2975025765832475,0.25404500046289197,0.23090235076791127,0.27873150296628735,0.25579104801500724,0.23797317055003053,0.2815351366522248,0.7848537005163512,0.41229656419529837
syn,qwen-2.5-7b-base,supermat,pond,NTP,0.6666666666666666,,0.0,,0.5591539467026481,0.10592625266279279,0.0922533517487066,0.11959980797859047,0.10231507483575042,0.08980734334313517,0.11673367871379567,0.11120741454859216,0.09935508907022593,0.12678986209847148,0.0,0.0
syn,qwen-2.5-7b-base,supermat,pond,Probe,0.6595238095238095,0.46496815286624205,0.1422077922077922,0.21780208851317748,0.6138587873165795,0.11775967574619896,0.10470853099791186,0.13045527044359453,0.11718273054628393,0.10363967220518178,0.13005260951660194,0.127956278606683,0.11547482767588141,0.14298301716871095,0.1422077922077922,0.46496815286624205
syn,qwen-2.5-7b-base,supermat,nfix,NTP,0.6666666666666666,,0.0,,0.5393475230777625,0.13844151643902972,0.11446001687932558,0.16409084323804565,0.13744030694188414,0.11352675869324125,0.16243595359493848,0.14329312101849212,0.12087187659550892,0.17380802182660063,0.0,0.0
syn,qwen-2.5-7b-base,supermat,nfix,Probe,0.6651818856718634,0.4375,0.015590200445434299,0.030107526881720432,0.5839802381932631,0.11598277250334323,0.09307070016539289,0.1422234115134495,0.11226234245459583,0.09086210294216086,0.1378863041037469,0.12033880782750282,0.10003168287171987,0.15205943208703598,0.015590200445434299,0.4375
syn,qwen-2.5-7b-base,supermat,supermat,NTP,0.6649454962707975,0.42857142857142855,0.01549053356282272,0.029900332225913623,0.5572229908075874,0.039056594170770585,0.028426307376767993,0.06415928078638795,0.048673085883774156,0.03722700826265316,0.0747844752580439,0.051849505620971126,0.034897280555535995,0.08436525999627123,0.01549053356282272,0.42857142857142855
syn,qwen-2.5-7b-base,supermat,supermat,Probe,0.7022375215146299,0.593939393939394,0.3373493975903614,0.43029637760702527,0.7549813218944132,0.06644681249571467,0.047850778128882915,0.08616120390738115,0.06339653027375722,0.04848957442229373,0.08610923245386165,0.06348863429510064,0.04770032651827633,0.09589572751619478,0.3373493975903614,0.593939393939394
real,llama-3.1-8b,pond,pond,NTP,0.6836661053644455,0.8665254237288136,0.5214619634509138,0.6511010878217035,0.8263603900478985,0.15821746203925285,0.1467969955623041,0.17204632148964594,0.15821746203925283,0.14680404554492502,0.17197327164632226,0.19238555981468716,0.17890547729366957,0.20815714356170784,0.4077922077922078,0.8665254237288136
real,llama-3.1-8b,pond,pond,Probe,0.7096463796006736,0.7134873323397913,0.8138546536336592,0.760373238038515,0.7842695978055093,0.05442494937479947,0.04423444264288835,0.06858799691325473,0.050944950482825095,0.04276488091408461,0.0668647634371325,0.062371961638357044,0.050644921881039626,0.08019964691287539,0.6448051948051948,0.7134873323397913
real,llama-3.1-8b,pond,nfix,NTP,0.6802126200274349,0.7333333333333333,0.2688888888888889,0.39349593495934965,0.7463989081208512,0.1352437969880631,0.12540743601313192,0.14737826334632906,0.1357649296883223,0.12496605724801446,0.1473364160248332,0.15327992038557764,0.14201484233733894,0.1668600590514828,0.14347826086956522,0.7333333333333333
real,llama-3.1-8b,pond,nfix,Probe,0.5504115226337448,0.45543842836607573,0.8448888888888889,0.5918430884184308,0.68385904832806,0.23560717086496924,0.22365334309897544,0.24795943314451852,0.2356071708649692,0.22358146934634035,0.24775549351774018,0.2551157038365998,0.24310255182391513,0.26831873670487516,0.3684782608695652,0.45543842836607573
real,llama-3.1-8b,nfix,pond,NTP,0.6762852707515296,0.7507858105074091,0.5786468247101575,0.6535717775823316,0.7748958914232893,0.09323954482792425,0.0851503731643191,0.10129791869016253,0.09346383982944717,0.08640232127736922,0.10135783183573312,0.11138825008304808,0.10284373046429554,0.12061077915882706,0.47914791479147917,0.7507858105074091
real,llama-3.1-8b,nfix,pond,Probe,0.5884394119258515,0.6283811061768269,0.5386745111611005,0.5800801267120097,0.6455432013957783,0.08142836276315263,0.07396347774846958,0.09126435067389037,0.08087813448390747,0.07451222855719995,0.09107670908803132,0.10726251892233417,0.09931082102718433,0.1173465390059932,0.49324932493249324,0.6283811061768269
real,llama-3.1-8b,nfix,nfix,NTP,0.6719409282700421,0.6499388004895961,0.35661517797179315,0.4605377276669557,0.7170201976165057,0.08091084193132736,0.06741547460706593,0.09553042559956308,0.10245677246887826,0.08788588549697246,0.11673386355044157,0.10538886596137038,0.09314638979118668,0.12286524591982077,0.26096491228070173,0.6499388004895961
real,llama-3.1-8b,nfix,nfix,Probe,0.640295358649789,0.7376425855513308,0.1302887844190732,0.2214611872146119,0.6732500925151794,0.11428354028181437,0.0998460032742365,0.12946217769399768,0.11428354028181435,0.0997293819991218,0.12943410534821642,0.11593256051134489,0.10327026580476191,0.13360735477048796,0.1206140350877193,0.7376425855513308
real,mistral-7b,pond,pond,NTP,0.4339668029829204,,0.0,,0.757992697909825,0.23555818806363882,0.22210550366386078,0.24923156661899157,0.23846078055670256,0.22588589419907962,0.25234063184932587,0.2596475728268376,0.24687976946485288,0.2745043628462851,0.0,0.0
real,mistral-7b,pond,pond,Probe,0.6386817416406062,0.7009919697685404,0.6306842328941776,0.6639821029082774,0.6964127033187806,0.08554226576690954,0.07351912800253854,0.10032168818254311,0.08440453322999286,0.07404385834013263,0.10031317880081901,0.09705590624358502,0.08455678266337986,0.11432115146807867,0.4675324675324675,0.7009919697685404
real,mistral-7b,pond,nfix,NTP,0.6141975308641975,,0.0,,0.7248074942614305,0.0775423917486463,0.06756571565650202,0.08993739712107106,0.08060538199098166,0.07155214183927644,0.09348379029710238,0.10780816800141964,0.09744515910896448,0.12232816857566152,0.0,0.0
real,mistral-7b,pond,nfix,Probe,0.6409465020576132,0.5469314079422383,0.404,0.46472392638036814,0.641533593895403,0.08086080921920727,0.07081724954073772,0.09405001037197912,0.08164114789204074,0.07087594786396711,0.09455696480873768,0.09204689990849599,0.08226367248180137,0.1060305177531814,0.175,0.5469314079422383
real,mistral-7b,nfix,pond,NTP,0.4722856360149758,,0.0,,0.7268603573998558,0.19953386944608575,0.19129704632605002,0.2079616148486351,0.2014152728556541,0.19284463498755516,0.20986817612323322,0.22473202655351637,0.21645737541714422,0.23352453258505487,0.0,0.0
real,mistral-7b,nfix,pond,Probe,0.6580220984384988,0.6581156716417911,0.7324796677625887,0.6933093112767177,0.713894729389968,0.06695281287949412,0.05858855101404122,0.07571316396610571,0.06554334504692527,0.05633801779295572,0.07388619733586824,0.07684827240105546,0.06857677057602386,0.08731981845879498,0.6060606060606061,0.6581156716417911
real,mistral-7b,nfix,nfix,NTP,0.607331223628692,,0.0,,0.7452697695971062,0.1101843404344462,0.09631566276192924,0.12462199995782233,0.10697944845985485,0.09773911004651982,0.12426942517238994,0.1453281422917552,0.13172700689058575,0.16209943483182118,0.0,0.0
real,mistral-7b,nfix,nfix,Probe,0.6413502109704642,0.6297786720321932,0.2102081934184016,0.3152064451158107,0.6800951951304792,0.17181951357747652,0.1578049009979425,0.1877716596820743,0.1675512998390704,0.15603703354860857,0.18413080923552627,0.19859810901281855,0.18440356389614707,0.2157698284059635,0.31798245614035087,0.6297786720321932
real,qwen-2.5-7b,pond,pond,NTP,0.7483762328602358,0.8810495626822158,0.6421589460263494,0.7428711897738447,0.8729188713186826,0.09348244060537704,0.08139906590060696,0.10663728293531677,0.14903441706603446,0.1382952654036287,0.1624601826242859,0.19522405594567463,0.17988655565465148,0.20961741032846257,0.4941558441558442,0.8810495626822158
real,qwen-2.5-7b,pond,pond,Probe,0.7406783738272793,0.7339449541284404,0.8499787505312367,0.7877116975187082,0.8124974674967937,0.06838362429762068,0.05791755245703916,0.08220766886732653,0.06644195334631262,0.055483362921652346,0.07988348945441325,0.06820204161294682,0.05907143829408354,0.0856799046171599,0.6220779220779221,0.7339449541284404
real,qwen-2.5-7b,pond,nfix,NTP,0.7184499314128944,0.7447665056360708,0.4111111111111111,0.5297823596792669,0.7885263974191947,0.06583702830990325,0.05534787122607298,0.07725431420555592,0.11769340288697612,0.10627120229931318,0.1282034733937272,0.14157387257646972,0.13119016626842847,0.1546425421942371,0.24021739130434783,0.7447665056360708
real,qwen-2.5-7b,pond,nfix,Probe,0.7083333333333334,0.6929023190442727,0.43822222222222224,0.5368908249387422,0.7666420993858181,0.08956023937554297,0.0802666010890951,0.10182889975525254,0.08900583999294914,0.07922692385166155,0.10022414031587028,0.100883190036441,0.09073476505562642,0.11382425701245322,0.28043478260869564,0.6929023190442727
real,qwen-2.5-7b,pond,supermat,NTP,0.6944873776403916,0.9120274914089347,0.5563941299790356,0.6911458333333333,0.8431452702750014,0.16784731344264733,0.15462877087013194,0.18223079350024593,0.17588676315350615,0.16331955053490313,0.189249562258991,0.23223468858838375,0.21643962136226394,0.24786188217115518,0.4862778730703259,0.9120274914089347
real,qwen-2.5-7b,pond,supermat,Probe,0.6952601751674394,0.733852140077821,0.790775681341719,0.7612512613521694,0.7256057887963209,0.09499964435033403,0.08164702144210685,0.10906755850178396,0.09338511921841279,0.08215921098184512,0.1089658600208262,0.10702735973821785,0.09441509274172888,0.12375870651218789,0.5317324185248714,0.733852140077821
real,qwen-2.5-7b,nfix,pond,NTP,0.7337229476760113,0.8610340479192938,0.5907596469977505,0.7007389162561577,0.8445531176900336,0.05772508909510482,0.04960996196890901,0.06606252801278248,0.12193998761388791,0.11477066425360229,0.12950152731775463,0.1459527435209109,0.13822090131306716,0.15434928628832034,0.5205520552055205,0.8610340479192938
real,qwen-2.5-7b,nfix,pond,Probe,0.7205734636106291,0.6947986817595644,0.8390725038934072,0.7601504938078067,0.7872803856724757,0.05766483335018043,0.05096610620585356,0.06615618437300565,0.05939026103349256,0.05120033451699076,0.06693062009926325,0.06528496072212366,0.05793816760701466,0.07419630203791909,0.654065406540654,0.6947986817595644
real,qwen-2.5-7b,nfix,nfix,NTP,0.7241561181434599,0.7309697601668405,0.470785762256548,0.5727124183006536,0.7975177353567209,0.05546407668488618,0.04279964046649088,0.06973865262300373,0.11864425058706494,0.10444613816115807,0.1320994280120933,0.14281734098143392,0.13264991914456195,0.15530826667385844,0.3355263157894737,0.7309697601668405
real,qwen-2.5-7b,nfix,nfix,Probe,0.694620253164557,0.6331456154465004,0.5285426460711887,0.5761346998535871,0.7590012384931966,0.07327627341711092,0.06317454670853134,0.08890844014790018,0.0735895535056684,0.06380127578791099,0.08976595444204469,0.09375259304101644,0.07914116202386595,0.11053099299987355,0.38377192982456143,0.6331456154465004
real,qwen-2.5-7b,nfix,supermat,NTP,0.7230808861411644,0.8794901506373117,0.6364779874213836,0.7385064461201654,0.8431452702750014,0.08087226290140721,0.06918002069791572,0.09500806493976391,0.12531476591236118,0.11285127680815024,0.1374441043370878,0.1582571593707001,0.14323311125950222,0.17331569299530786,0.5042881646655232,0.8794901506373117
real,qwen-2.5-7b,nfix,supermat,Probe,0.7472952086553323,0.7594235033259423,0.8616352201257862,0.8073070123747791,0.7985460788803324,0.04377730014964662,0.036644224363616015,0.059255349180630565,0.04009405302210382,0.032498531037828626,0.05494081076634649,0.04226650662326517,0.03275295584697193,0.060413620771732554,0.5557461406518011,0.7594235033259423
real,qwen-2.5-7b,supermat,pond,NTP,0.6985663409734271,0.8948374760994264,0.4858972140508738,0.6298082314679824,0.8445531176900336,0.15080167015370896,0.1432132422936564,0.15855803137968652,0.18926231796952633,0.1822670408516428,0.19704707177867964,0.22270821085835882,0.2144016163483667,0.23139094271743096,0.46294629462946296,0.8948374760994264
real,qwen-2.5-7b,supermat,pond,Probe,0.5681672906583873,0.8301886792452831,0.22841322028032532,0.3582575654769983,0.778636633665884,0.26776377322855904,0.2594104688355001,0.27583133236886115,0.26668888464496515,0.2592598758123483,0.27506049583585007,0.29413236541912735,0.28577581871040153,0.3028163354902055,0.2001200120012001,0.8301886792452831
real,qwen-2.5-7b,supermat,nfix,NTP,0.7160493827160493,0.7596153846153846,0.38622222222222224,0.512080141426046,0.7885263974191947,0.06160265286023473,0.050809748432722096,0.07319699065577108,0.11680701002406506,0.10635145933305659,0.12759464627688885,0.14330598543368936,0.13328836377591416,0.15612486403966927,0.23478260869565218,0.7596153846153846
real,qwen-2.5-7b,supermat,nfix,Probe,0.6246570644718793,0.5760598503740648,0.10266666666666667,0.17427385892116182,0.6894866927228737,0.16918191551187378,0.15844496761839905,0.18150531747164314,0.16581903161274344,0.15516816630692046,0.17807806371930432,0.18569936072685664,0.1744140200136774,0.19893157524396707,0.04021739130434782,0.5760598503740648
real,qwen-2.5-7b,supermat,supermat,NTP,0.6885446392172849,0.9143876337693222,0.5263518138261465,0.6681146828844483,0.8507671226071405,0.1889136289671544,0.17187487110083433,0.2051003327215208,0.20517916301604547,0.18984415441194544,0.22343164535793353,0.24770839454544524,0.22972270191770083,0.2668446014928888,0.47676419965576594,0.9143876337693222
real,qwen-2.5-7b,supermat,supermat,Probe,0.5829596412556054,0.8328267477203647,0.3750855578370979,0.5172251061821614,0.7599557583184298,0.24720646600489374,0.2294915255139111,0.26490217575378533,0.24720646600489368,0.22924729252165957,0.2644901974826214,0.25985303107812296,0.2425440041814702,0.2794707654094261,0.4509466437177281,0.8328267477203647
real,qwen-2.5-7b-base,pond,pond,NTP,0.4339668029829204,0.5,0.0008499787505312367,0.001697072549851506,0.6135296451291601,0.24941453556812432,0.23499549313852947,0.26487165752747166,0.2493842368085909,0.2343110416491786,0.2643248672136853,0.26491407079641477,0.25110353889828857,0.2802081353553977,0.0006493506493506494,0.5
real,qwen-2.5-7b-base,pond,pond,Probe,0.6203993264373346,0.7246376811594203,0.531236719082023,0.6130456105934282,0.6913837409053687,0.13213012466220111,0.11975250961765967,0.14701090675572534,0.1327661889824917,0.12012851816219797,0.14825461572390525,0.14832714334601044,0.13472430600758584,0.16418923187261827,0.475974025974026,0.7246376811594203
real,qwen-2.5-7b-base,pond,nfix,NTP,0.6141975308641975,,0.0,,0.5428702773124884,0.10581427939415988,0.09370408753421712,0.11844194567444827,0.11088007953998952,0.09882890804144251,0.1225497928144678,0.12214831593880324,0.11110574378084849,0.1361264299270071,0.0,0.0
real,qwen-2.5-7b-base,pond,nfix,Probe,0.671124828532236,0.5887700534759358,0.48933333333333334,0.5344660194174757,0.7318013524412184,0.06510290911307733,0.053839321412195544,0.0766293719147529,0.0643932878330194,0.05283714028295593,0.07593692028190743,0.06482058442147391,0.05552678374944957,0.07972976103162803,0.1956521739130435,0.5887700534759358
real,qwen-2.5-7b-base,pond,supermat,NTP,0.3856259659969088,,0.0,,0.6047061278391864,0.3327721067337301,0.31822593659809173,0.3482174108137286,0.33277210673373014,0.3182259365980918,0.3482174108137286,0.33714874296217906,0.32339039479457576,0.3529502736407552,0.0,0.0
real,qwen-2.5-7b-base,pond,supermat,Probe,0.42040185471406494,0.6326129666011788,0.1350104821802935,0.2225293711126468,0.5960435196038478,0.36320886680963016,0.34847108316745895,0.37912662962958654,0.35482028742118044,0.3398984512225438,0.36972958747896817,0.38591132720510635,0.3714235475505508,0.4019006843484735,0.21355060034305318,0.6326129666011788
real,qwen-2.5-7b-base,nfix,pond,NTP,0.4732901104921925,0.6571428571428571,0.0039799273230662745,0.007911936704506364,0.590023138287586,0.17220441845364803,0.16306460245887971,0.1811877474359522,0.17220441845364806,0.1630646024588797,0.18118774743595226,0.17940854919006988,0.17056498469018963,0.18874800338730044,0.0024002400240024004,0.6571428571428571
real,qwen-2.5-7b-base,nfix,pond,Probe,0.6223175965665236,0.6112691317892456,0.7809309569129608,0.6857620422428203,0.6885214715198789,0.05735088697963535,0.04932568825941145,0.06602819557546111,0.05416840777561077,0.046837469464995424,0.06336622718584892,0.061906953960196354,0.05408492595104357,0.07254519426364682,0.6321632163216322,0.6112691317892456
real,qwen-2.5-7b-base,nfix,nfix,NTP,0.607331223628692,,0.0,,0.5583154742828215,0.07088554578570433,0.05592553191066564,0.08672834511693427,0.07471143159436681,0.06320585803366871,0.09205390824056658,0.08882391865526433,0.07501765090436746,0.10750092963834086,0.0,0.0
real,qwen-2.5-7b-base,nfix,nfix,Probe,0.6991033755274262,0.6172506738544474,0.6151779717931498,0.6162125798856374,0.7311799046240676,0.07610993698943452,0.06351490372268556,0.09087610983723353,0.07649603467226648,0.06906023990381036,0.09467497912402784,0.08875554270295606,0.07798226418193276,0.10610597937838157,0.40350877192982454,0.6172506738544474
real,qwen-2.5-7b-base,nfix,supermat,NTP,0.3861411643482741,1.0,0.0008385744234800838,0.0016757436112274822,0.6047061278391864,0.2935522282473212,0.2789518669393085,0.3089111499796313,0.2934563993473356,0.2789167631629706,0.30885811898351884,0.2987676266437713,0.28510142695349444,0.3146016862009855,0.004288164665523156,1.0
real,qwen-2.5-7b-base,nfix,supermat,Probe,0.6906233900051519,0.6694333142530051,0.9807127882599581,0.7957135567273345,0.7501417930200023,0.15605855338774913,0.14167716639106093,0.16992011549937625,0.15605855338774915,0.14226292360058815,0.17005205826086164,0.17122150392041413,0.15764174190103597,0.1874512838022606,0.5677530017152659,0.6694333142530051
real,qwen-2.5-7b-base,supermat,pond,NTP,0.4722856360149758,,0.0,,0.590023138287586,0.3140853065675187,0.3049061965565344,0.32305777691123905,0.3140853065675187,0.3049061965565344,0.32305777691123916,0.3185240658383991,0.3094369752150318,0.3277174533137346,0.0,0.0
real,qwen-2.5-7b-base,supermat,pond,Probe,0.5088119806410374,0.6879699248120301,0.12666551306454404,0.21394125383603685,0.6166913714174598,0.30669942537344225,0.29776855190976453,0.315782919782247,0.3025705100133579,0.2934657682915033,0.3116045837288987,0.32123307076369134,0.31241391185911327,0.33082440630448945,0.10231023102310231,0.6879699248120301
real,qwen-2.5-7b-base,supermat,nfix,NTP,0.6141975308641975,,0.0,,0.5428702773124884,0.20645867170399973,0.19426364032299898,0.21903073602777734,0.20322967141027615,0.19122057843597018,0.21585535569972392,0.2154774583321359,0.20414832748026443,0.22864404366712596,0.0,0.0
real,qwen-2.5-7b-base,supermat,nfix,Probe,0.6284293552812071,0.587737843551797,0.12355555555555556,0.20418655894234303,0.635534090204107,0.1319872104973669,0.12081919705922661,0.144221177205919,0.12849316797127502,0.11792459657483897,0.14082378554985267,0.16141206235901337,0.148788579014676,0.17528301926001572,0.07608695652173914,0.587737843551797
real,qwen-2.5-7b-base,supermat,supermat,NTP,0.4044027721157766,,0.0,,0.6189730023625003,0.41707761685507344,0.3972578984679645,0.4361497221894548,0.4170000064034561,0.39713518266657316,0.43608661833828655,0.4228165046314247,0.4051190804874111,0.44277463044833054,0.0,0.0
real,qwen-2.5-7b-base,supermat,supermat,Probe,0.4647370566653078,0.7466666666666667,0.15331964407939766,0.25440090857467346,0.6537460532997726,0.3415171310951485,0.3217440517522658,0.3601163222625612,0.34047213182206826,0.3207743848889811,0.35908317661868366,0.3618471079910222,0.3417869401907332,0.38092761677542153,0.27710843373493976,0.7466666666666667
