threshold,n_kept,recovery,validity,method,curve,is_highlight,analysis_config_id,calibration_config_id,train_dataset,test_dataset,extraction_id,judge_combine_id,ground_truth_file,extraction_file,fuzzy_threshold,n_excluded_documents,n_gt,n_ext,invalid_reason,n_kept_mean
0.0,4762,0.5415584415584416,0.5390592188156237,probe,observed,False,2026-10-08-decision-threshold-smoke-01,2026-10-08-calibration-v4-gemma27b-qwen-2.5-7b-intercept-fit-sample-01,pond,pond,2026-09-22-pond-extraction-gemma27b-parseqty-standardization-valueonly-01,2026-09-27-pond-extraction-gemma27b-parseqty-standardization-valueonly-judge-combine-01,data/pond/ground_truth_review.json,experiments/results/pond/extraction/2026-09-22-pond-extraction-gemma27b-parseqty-standardization-valueonly-01/postprocessed.json,0.577,48,1540,4762,,
0.5,2231,0.39155844155844155,0.7579560735096369,probe,observed,True,2026-10-08-decision-threshold-smoke-01,2026-10-08-calibration-v4-gemma27b-qwen-2.5-7b-intercept-fit-sample-01,pond,pond,2026-09-22-pond-extraction-gemma27b-parseqty-standardization-valueonly-01,2026-09-27-pond-extraction-gemma27b-parseqty-standardization-valueonly-judge-combine-01,data/pond/ground_truth_review.json,experiments/results/pond/extraction/2026-09-22-pond-extraction-gemma27b-parseqty-standardization-valueonly-01/postprocessed.json,0.577,48,1540,4762,,
0.9,212,0.06818181818181818,0.9198113207547169,probe,observed,False,2026-10-08-decision-threshold-smoke-01,2026-10-08-calibration-v4-gemma27b-qwen-2.5-7b-intercept-fit-sample-01,pond,pond,2026-09-22-pond-extraction-gemma27b-parseqty-standardization-valueonly-01,2026-09-27-pond-extraction-gemma27b-parseqty-standardization-valueonly-judge-combine-01,data/pond/ground_truth_review.json,experiments/results/pond/extraction/2026-09-22-pond-extraction-gemma27b-parseqty-standardization-valueonly-01/postprocessed.json,0.577,48,1540,4762,,
0.0,,0.5415584415584416,0.5390592188156237,probe,permuted_mean,False,2026-10-08-decision-threshold-smoke-01,2026-10-08-calibration-v4-gemma27b-qwen-2.5-7b-intercept-fit-sample-01,pond,pond,2026-09-22-pond-extraction-gemma27b-parseqty-standardization-valueonly-01,2026-09-27-pond-extraction-gemma27b-parseqty-standardization-valueonly-judge-combine-01,data/pond/ground_truth_review.json,experiments/results/pond/extraction/2026-09-22-pond-extraction-gemma27b-parseqty-standardization-valueonly-01/postprocessed.json,0.577,48,1540,4762,,4762.0
0.5,,0.32142857142857145,0.5391849529780564,probe,permuted_mean,True,2026-10-08-decision-threshold-smoke-01,2026-10-08-calibration-v4-gemma27b-qwen-2.5-7b-intercept-fit-sample-01,pond,pond,2026-09-22-pond-extraction-gemma27b-parseqty-standardization-valueonly-01,2026-09-27-pond-extraction-gemma27b-parseqty-standardization-valueonly-judge-combine-01,data/pond/ground_truth_review.json,experiments/results/pond/extraction/2026-09-22-pond-extraction-gemma27b-parseqty-standardization-valueonly-01/postprocessed.json,0.577,48,1540,4762,,2233.0
0.9,,0.05,0.536945923986639,probe,permuted_mean,False,2026-10-08-decision-threshold-smoke-01,2026-10-08-calibration-v4-gemma27b-qwen-2.5-7b-intercept-fit-sample-01,pond,pond,2026-09-22-pond-extraction-gemma27b-parseqty-standardization-valueonly-01,2026-09-27-pond-extraction-gemma27b-parseqty-standardization-valueonly-judge-combine-01,data/pond/ground_truth_review.json,experiments/results/pond/extraction/2026-09-22-pond-extraction-gemma27b-parseqty-standardization-valueonly-01/postprocessed.json,0.577,48,1540,4762,,210.5
0.0,4762,0.5415584415584416,0.5390592188156237,ntp,observed,False,2026-10-08-decision-threshold-smoke-01,2026-10-08-calibration-v4-gemma27b-qwen-2.5-7b-intercept-fit-sample-01,pond,pond,2026-09-22-pond-extraction-gemma27b-parseqty-standardization-valueonly-01,2026-09-27-pond-extraction-gemma27b-parseqty-standardization-valueonly-judge-combine-01,data/pond/ground_truth_review.json,experiments/results/pond/extraction/2026-09-22-pond-extraction-gemma27b-parseqty-standardization-valueonly-01/postprocessed.json,0.577,48,1540,4762,,
0.5,1901,0.37012987012987014,0.7980010520778538,ntp,observed,True,2026-10-08-decision-threshold-smoke-01,2026-10-08-calibration-v4-gemma27b-qwen-2.5-7b-intercept-fit-sample-01,pond,pond,2026-09-22-pond-extraction-gemma27b-parseqty-standardization-valueonly-01,2026-09-27-pond-extraction-gemma27b-parseqty-standardization-valueonly-judge-combine-01,data/pond/ground_truth_review.json,experiments/results/pond/extraction/2026-09-22-pond-extraction-gemma27b-parseqty-standardization-valueonly-01/postprocessed.json,0.577,48,1540,4762,,
0.9,1621,0.3233766233766234,0.8204811844540407,ntp,observed,False,2026-10-08-decision-threshold-smoke-01,2026-10-08-calibration-v4-gemma27b-qwen-2.5-7b-intercept-fit-sample-01,pond,pond,2026-09-22-pond-extraction-gemma27b-parseqty-standardization-valueonly-01,2026-09-27-pond-extraction-gemma27b-parseqty-standardization-valueonly-judge-combine-01,data/pond/ground_truth_review.json,experiments/results/pond/extraction/2026-09-22-pond-extraction-gemma27b-parseqty-standardization-valueonly-01/postprocessed.json,0.577,48,1540,4762,,
0.0,,0.5415584415584416,0.5390592188156237,ntp,permuted_mean,False,2026-10-08-decision-threshold-smoke-01,2026-10-08-calibration-v4-gemma27b-qwen-2.5-7b-intercept-fit-sample-01,pond,pond,2026-09-22-pond-extraction-gemma27b-parseqty-standardization-valueonly-01,2026-09-27-pond-extraction-gemma27b-parseqty-standardization-valueonly-judge-combine-01,data/pond/ground_truth_review.json,experiments/results/pond/extraction/2026-09-22-pond-extraction-gemma27b-parseqty-standardization-valueonly-01/postprocessed.json,0.577,48,1540,4762,,4762.0
0.5,,0.2905844155844156,0.5393884224797703,ntp,permuted_mean,True,2026-10-08-decision-threshold-smoke-01,2026-10-08-calibration-v4-gemma27b-qwen-2.5-7b-intercept-fit-sample-01,pond,pond,2026-09-22-pond-extraction-gemma27b-parseqty-standardization-valueonly-01,2026-09-27-pond-extraction-gemma27b-parseqty-standardization-valueonly-judge-combine-01,data/pond/ground_truth_review.json,experiments/results/pond/extraction/2026-09-22-pond-extraction-gemma27b-parseqty-standardization-valueonly-01/postprocessed.json,0.577,48,1540,4762,,1904.0
0.9,,0.26103896103896107,0.5449784349969193,ntp,permuted_mean,False,2026-10-08-decision-threshold-smoke-01,2026-10-08-calibration-v4-gemma27b-qwen-2.5-7b-intercept-fit-sample-01,pond,pond,2026-09-22-pond-extraction-gemma27b-parseqty-standardization-valueonly-01,2026-09-27-pond-extraction-gemma27b-parseqty-standardization-valueonly-judge-combine-01,data/pond/ground_truth_review.json,experiments/results/pond/extraction/2026-09-22-pond-extraction-gemma27b-parseqty-standardization-valueonly-01/postprocessed.json,0.577,48,1540,4762,,1623.0
0.0,2907,0.4048913043478261,0.3164774681802546,probe,observed,False,2026-10-08-decision-threshold-smoke-01,2026-10-08-calibration-v4-gemma27b-qwen-2.5-7b-intercept-fit-sample-01,nfix,nfix,2026-09-21-nfix-extraction-gemma27b-full-01,2026-09-27-nfix-extraction-gemma27b-judge-combine-01,data/nfix/ground_truth_review.json,experiments/results/nfix/extraction/2026-09-21-nfix-extraction-gemma27b-full-01/postprocessed.json,0.532,49,368,2907,,
0.5,63,0.002717391304347826,0.4444444444444444,probe,observed,True,2026-10-08-decision-threshold-smoke-01,2026-10-08-calibration-v4-gemma27b-qwen-2.5-7b-intercept-fit-sample-01,nfix,nfix,2026-09-21-nfix-extraction-gemma27b-full-01,2026-09-27-nfix-extraction-gemma27b-judge-combine-01,data/nfix/ground_truth_review.json,experiments/results/nfix/extraction/2026-09-21-nfix-extraction-gemma27b-full-01/postprocessed.json,0.532,49,368,2907,,
0.9,0,0.0,,probe,observed,False,2026-10-08-decision-threshold-smoke-01,2026-10-08-calibration-v4-gemma27b-qwen-2.5-7b-intercept-fit-sample-01,nfix,nfix,2026-09-21-nfix-extraction-gemma27b-full-01,2026-09-27-nfix-extraction-gemma27b-judge-combine-01,data/nfix/ground_truth_review.json,experiments/results/nfix/extraction/2026-09-21-nfix-extraction-gemma27b-full-01/postprocessed.json,0.532,49,368,2907,,
0.0,,0.4048913043478261,0.3164774681802546,probe,permuted_mean,False,2026-10-08-decision-threshold-smoke-01,2026-10-08-calibration-v4-gemma27b-qwen-2.5-7b-intercept-fit-sample-01,nfix,nfix,2026-09-21-nfix-extraction-gemma27b-full-01,2026-09-27-nfix-extraction-gemma27b-judge-combine-01,data/nfix/ground_truth_review.json,experiments/results/nfix/extraction/2026-09-21-nfix-extraction-gemma27b-full-01/postprocessed.json,0.532,49,368,2907,,2907.0
0.5,,0.016304347826086956,0.2698412698412698,probe,permuted_mean,True,2026-10-08-decision-threshold-smoke-01,2026-10-08-calibration-v4-gemma27b-qwen-2.5-7b-intercept-fit-sample-01,nfix,nfix,2026-09-21-nfix-extraction-gemma27b-full-01,2026-09-27-nfix-extraction-gemma27b-judge-combine-01,data/nfix/ground_truth_review.json,experiments/results/nfix/extraction/2026-09-21-nfix-extraction-gemma27b-full-01/postprocessed.json,0.532,49,368,2907,,63.0
0.9,,0.0,,probe,permuted_mean,False,2026-10-08-decision-threshold-smoke-01,2026-10-08-calibration-v4-gemma27b-qwen-2.5-7b-intercept-fit-sample-01,nfix,nfix,2026-09-21-nfix-extraction-gemma27b-full-01,2026-09-27-nfix-extraction-gemma27b-judge-combine-01,data/nfix/ground_truth_review.json,experiments/results/nfix/extraction/2026-09-21-nfix-extraction-gemma27b-full-01/postprocessed.json,0.532,49,368,2907,,0.0
0.0,2907,0.4048913043478261,0.3164774681802546,ntp,observed,False,2026-10-08-decision-threshold-smoke-01,2026-10-08-calibration-v4-gemma27b-qwen-2.5-7b-intercept-fit-sample-01,nfix,nfix,2026-09-21-nfix-extraction-gemma27b-full-01,2026-09-27-nfix-extraction-gemma27b-judge-combine-01,data/nfix/ground_truth_review.json,experiments/results/nfix/extraction/2026-09-21-nfix-extraction-gemma27b-full-01/postprocessed.json,0.532,49,368,2907,,
0.5,293,0.07336956521739131,0.7098976109215017,ntp,observed,True,2026-10-08-decision-threshold-smoke-01,2026-10-08-calibration-v4-gemma27b-qwen-2.5-7b-intercept-fit-sample-01,nfix,nfix,2026-09-21-nfix-extraction-gemma27b-full-01,2026-09-27-nfix-extraction-gemma27b-judge-combine-01,data/nfix/ground_truth_review.json,experiments/results/nfix/extraction/2026-09-21-nfix-extraction-gemma27b-full-01/postprocessed.json,0.532,49,368,2907,,
0.9,0,0.0,,ntp,observed,False,2026-10-08-decision-threshold-smoke-01,2026-10-08-calibration-v4-gemma27b-qwen-2.5-7b-intercept-fit-sample-01,nfix,nfix,2026-09-21-nfix-extraction-gemma27b-full-01,2026-09-27-nfix-extraction-gemma27b-judge-combine-01,data/nfix/ground_truth_review.json,experiments/results/nfix/extraction/2026-09-21-nfix-extraction-gemma27b-full-01/postprocessed.json,0.532,49,368,2907,,
0.0,,0.4048913043478261,0.3164774681802546,ntp,permuted_mean,False,2026-10-08-decision-threshold-smoke-01,2026-10-08-calibration-v4-gemma27b-qwen-2.5-7b-intercept-fit-sample-01,nfix,nfix,2026-09-21-nfix-extraction-gemma27b-full-01,2026-09-27-nfix-extraction-gemma27b-judge-combine-01,data/nfix/ground_truth_review.json,experiments/results/nfix/extraction/2026-09-21-nfix-extraction-gemma27b-full-01/postprocessed.json,0.532,49,368,2907,,2907.0
0.5,,0.07608695652173914,0.295221843003413,ntp,permuted_mean,True,2026-10-08-decision-threshold-smoke-01,2026-10-08-calibration-v4-gemma27b-qwen-2.5-7b-intercept-fit-sample-01,nfix,nfix,2026-09-21-nfix-extraction-gemma27b-full-01,2026-09-27-nfix-extraction-gemma27b-judge-combine-01,data/nfix/ground_truth_review.json,experiments/results/nfix/extraction/2026-09-21-nfix-extraction-gemma27b-full-01/postprocessed.json,0.532,49,368,2907,,293.0
0.9,,0.0,,ntp,permuted_mean,False,2026-10-08-decision-threshold-smoke-01,2026-10-08-calibration-v4-gemma27b-qwen-2.5-7b-intercept-fit-sample-01,nfix,nfix,2026-09-21-nfix-extraction-gemma27b-full-01,2026-09-27-nfix-extraction-gemma27b-judge-combine-01,data/nfix/ground_truth_review.json,experiments/results/nfix/extraction/2026-09-21-nfix-extraction-gemma27b-full-01/postprocessed.json,0.532,49,368,2907,,0.0
0.0,1868,0.3514774494556765,0.4759100642398287,probe,observed,False,2026-10-08-decision-threshold-smoke-01,2026-10-08-calibration-v4-gemma27b-qwen-2.5-7b-intercept-fit-sample-01,supermat,supermat,2026-09-21-supermat-extraction-gemma27b-full-01,2026-09-27-supermat-extraction-gemma27b-judge-combine-01,data/supermat/ground_truth_qualifiers.json,experiments/results/supermat/extraction/2026-09-21-supermat-extraction-gemma27b-full-01/postprocessed.json,0.547,54,643,1868,pre-v3s supermat probe/test split; numbers invalid until a v3s rerun,
0.5,598,0.25660964230171074,0.7491638795986622,probe,observed,True,2026-10-08-decision-threshold-smoke-01,2026-10-08-calibration-v4-gemma27b-qwen-2.5-7b-intercept-fit-sample-01,supermat,supermat,2026-09-21-supermat-extraction-gemma27b-full-01,2026-09-27-supermat-extraction-gemma27b-judge-combine-01,data/supermat/ground_truth_qualifiers.json,experiments/results/supermat/extraction/2026-09-21-supermat-extraction-gemma27b-full-01/postprocessed.json,0.547,54,643,1868,pre-v3s supermat probe/test split; numbers invalid until a v3s rerun,
0.9,103,0.07620528771384137,0.7766990291262136,probe,observed,False,2026-10-08-decision-threshold-smoke-01,2026-10-08-calibration-v4-gemma27b-qwen-2.5-7b-intercept-fit-sample-01,supermat,supermat,2026-09-21-supermat-extraction-gemma27b-full-01,2026-09-27-supermat-extraction-gemma27b-judge-combine-01,data/supermat/ground_truth_qualifiers.json,experiments/results/supermat/extraction/2026-09-21-supermat-extraction-gemma27b-full-01/postprocessed.json,0.547,54,643,1868,pre-v3s supermat probe/test split; numbers invalid until a v3s rerun,
0.0,,0.3514774494556765,0.4759100642398287,probe,permuted_mean,False,2026-10-08-decision-threshold-smoke-01,2026-10-08-calibration-v4-gemma27b-qwen-2.5-7b-intercept-fit-sample-01,supermat,supermat,2026-09-21-supermat-extraction-gemma27b-full-01,2026-09-27-supermat-extraction-gemma27b-judge-combine-01,data/supermat/ground_truth_qualifiers.json,experiments/results/supermat/extraction/2026-09-21-supermat-extraction-gemma27b-full-01/postprocessed.json,0.547,54,643,1868,pre-v3s supermat probe/test split; numbers invalid until a v3s rerun,1868.0
0.5,,0.24727838258164853,0.4694668997159711,probe,permuted_mean,True,2026-10-08-decision-threshold-smoke-01,2026-10-08-calibration-v4-gemma27b-qwen-2.5-7b-intercept-fit-sample-01,supermat,supermat,2026-09-21-supermat-extraction-gemma27b-full-01,2026-09-27-supermat-extraction-gemma27b-judge-combine-01,data/supermat/ground_truth_qualifiers.json,experiments/results/supermat/extraction/2026-09-21-supermat-extraction-gemma27b-full-01/postprocessed.json,0.547,54,643,1868,pre-v3s supermat probe/test split; numbers invalid until a v3s rerun,597.5
0.9,,0.08786936236391912,0.46601941747572817,probe,permuted_mean,False,2026-10-08-decision-threshold-smoke-01,2026-10-08-calibration-v4-gemma27b-qwen-2.5-7b-intercept-fit-sample-01,supermat,supermat,2026-09-21-supermat-extraction-gemma27b-full-01,2026-09-27-supermat-extraction-gemma27b-judge-combine-01,data/supermat/ground_truth_qualifiers.json,experiments/results/supermat/extraction/2026-09-21-supermat-extraction-gemma27b-full-01/postprocessed.json,0.547,54,643,1868,pre-v3s supermat probe/test split; numbers invalid until a v3s rerun,103.0
0.0,1868,0.3514774494556765,0.4759100642398287,ntp,observed,False,2026-10-08-decision-threshold-smoke-01,2026-10-08-calibration-v4-gemma27b-qwen-2.5-7b-intercept-fit-sample-01,supermat,supermat,2026-09-21-supermat-extraction-gemma27b-full-01,2026-09-27-supermat-extraction-gemma27b-judge-combine-01,data/supermat/ground_truth_qualifiers.json,experiments/results/supermat/extraction/2026-09-21-supermat-extraction-gemma27b-full-01/postprocessed.json,0.547,54,643,1868,pre-v3s supermat probe/test split; numbers invalid until a v3s rerun,
0.5,538,0.27216174183514774,0.8698884758364313,ntp,observed,True,2026-10-08-decision-threshold-smoke-01,2026-10-08-calibration-v4-gemma27b-qwen-2.5-7b-intercept-fit-sample-01,supermat,supermat,2026-09-21-supermat-extraction-gemma27b-full-01,2026-09-27-supermat-extraction-gemma27b-judge-combine-01,data/supermat/ground_truth_qualifiers.json,experiments/results/supermat/extraction/2026-09-21-supermat-extraction-gemma27b-full-01/postprocessed.json,0.547,54,643,1868,pre-v3s supermat probe/test split; numbers invalid until a v3s rerun,
0.9,487,0.26283048211508553,0.8870636550308009,ntp,observed,False,2026-10-08-decision-threshold-smoke-01,2026-10-08-calibration-v4-gemma27b-qwen-2.5-7b-intercept-fit-sample-01,supermat,supermat,2026-09-21-supermat-extraction-gemma27b-full-01,2026-09-27-supermat-extraction-gemma27b-judge-combine-01,data/supermat/ground_truth_qualifiers.json,experiments/results/supermat/extraction/2026-09-21-supermat-extraction-gemma27b-full-01/postprocessed.json,0.547,54,643,1868,pre-v3s supermat probe/test split; numbers invalid until a v3s rerun,
0.0,,0.3514774494556765,0.4759100642398287,ntp,permuted_mean,False,2026-10-08-decision-threshold-smoke-01,2026-10-08-calibration-v4-gemma27b-qwen-2.5-7b-intercept-fit-sample-01,supermat,supermat,2026-09-21-supermat-extraction-gemma27b-full-01,2026-09-27-supermat-extraction-gemma27b-judge-combine-01,data/supermat/ground_truth_qualifiers.json,experiments/results/supermat/extraction/2026-09-21-supermat-extraction-gemma27b-full-01/postprocessed.json,0.547,54,643,1868,pre-v3s supermat probe/test split; numbers invalid until a v3s rerun,1868.0
0.5,,0.22317262830482115,0.48420074349442377,ntp,permuted_mean,True,2026-10-08-decision-threshold-smoke-01,2026-10-08-calibration-v4-gemma27b-qwen-2.5-7b-intercept-fit-sample-01,supermat,supermat,2026-09-21-supermat-extraction-gemma27b-full-01,2026-09-27-supermat-extraction-gemma27b-judge-combine-01,data/supermat/ground_truth_qualifiers.json,experiments/results/supermat/extraction/2026-09-21-supermat-extraction-gemma27b-full-01/postprocessed.json,0.547,54,643,1868,pre-v3s supermat probe/test split; numbers invalid until a v3s rerun,538.0
0.9,,0.21150855365474341,0.4845995893223819,ntp,permuted_mean,False,2026-10-08-decision-threshold-smoke-01,2026-10-08-calibration-v4-gemma27b-qwen-2.5-7b-intercept-fit-sample-01,supermat,supermat,2026-09-21-supermat-extraction-gemma27b-full-01,2026-09-27-supermat-extraction-gemma27b-judge-combine-01,data/supermat/ground_truth_qualifiers.json,experiments/results/supermat/extraction/2026-09-21-supermat-extraction-gemma27b-full-01/postprocessed.json,0.547,54,643,1868,pre-v3s supermat probe/test split; numbers invalid until a v3s rerun,487.0
