dataset,ecosystem,attribute,setting,reference,method,threshold,unit,n_ref,n_ext,n_docs_ext,w1,w1_lo,w1_hi,w1_skip,w1_log,w1_log_lo,w1_log_hi,w1_log_skip,w1_shuffled,w1_shuffled_log,n_ext_shuffled
pond,pond,surface_area,valid,ground_truth,,,m^2,274,277,24,4009.4820153363785,2079.447394200114,6860.83300515165,,0.21751544398554,0.18096643543507407,0.3094753328717042,,,,0
pond,pond,surface_area,ntp_ge_0.00,ground_truth,ntp,0.0,m^2,274,326,24,6256.734252295001,2120.2936645352893,10361.052692646968,,0.19090863011960135,0.15235660220946892,0.31438102503019205,,6256.734252295001,0.19090863011960135,326
pond,pond,surface_area,ntp_ge_0.25,ground_truth,ntp,0.25,m^2,274,248,24,3033.323198728513,1641.1022618907446,6876.531057952665,,0.2060639524174192,0.14158493565797312,0.3471110452468138,,6747.310724511415,0.20965183947224775,248
pond,pond,surface_area,ntp_ge_0.50,ground_truth,ntp,0.5,m^2,274,232,23,2370.385791593257,1635.3507629624942,7606.681556758109,,0.20422097126244154,0.16272086539952532,0.32052359681111897,,7350.572649005775,0.2018960102063858,232
pond,pond,surface_area,ntp_ge_0.75,ground_truth,ntp,0.75,m^2,274,225,23,2484.326293592864,1770.962995944849,5151.296699918887,,0.20332287837230173,0.129683238163394,0.3608718761020011,,7682.015704006508,0.20968775056791167,225
pond,pond,surface_area,probe_ge_0.00,ground_truth,probe,0.0,m^2,274,326,24,6256.734252295001,3559.1755705974774,19022.75796295676,,0.19090863011960135,0.14178054857747485,0.27414356210545066,,6256.734252295001,0.19090863011960135,326
pond,pond,surface_area,probe_ge_0.25,ground_truth,probe,0.25,m^2,274,309,23,3320.62806758321,2515.0711828331296,5530.624594178879,,0.1984802269181745,0.16178787648707935,0.3061631236704676,,6209.385164670566,0.20339102420028182,309
pond,pond,surface_area,probe_ge_0.50,ground_truth,probe,0.5,m^2,274,262,21,1603.7561709477884,1525.7549687970122,4469.405201426417,,0.23782554920897647,0.19027128609736066,0.37350717085324037,,7011.69193416724,0.22618448569561111,262
pond,pond,surface_area,probe_ge_0.75,ground_truth,probe,0.75,m^2,274,183,17,1607.6788321167867,1690.7688290255699,4689.667498803396,,0.2834614236933301,0.20585094006686325,0.36555827202168595,,8309.028426668274,0.19922162001793856,183
pond,pond,max_depth,valid,ground_truth,,,m,161,97,17,1.5698325350579487,0.7510209143881668,2.516161773708138,,0.23180716756344705,0.15971301766552465,0.31441683587450714,,,,0
pond,pond,max_depth,ntp_ge_0.00,ground_truth,ntp,0.0,m,161,121,21,6.056775288742877,4.463670935783584,7.5850921528668955,,0.40601411622064604,0.30728921939140086,0.5071636390712762,,6.056775288742877,0.40601411622064604,121
pond,pond,max_depth,ntp_ge_0.25,ground_truth,ntp,0.25,m,161,93,18,4.44039566553129,2.2850168782141185,6.964445634642356,,0.34412686226418593,0.2516805614129235,0.42970924637646113,,6.582802117144192,0.43267666001907334,93
pond,pond,max_depth,ntp_ge_0.50,ground_truth,ntp,0.5,m,161,84,18,4.097215942028986,3.0212899741200836,5.970339373706003,,0.349844430986005,0.232866214281596,0.4581302808243628,,5.8820230848861295,0.40037257481329835,84
pond,pond,max_depth,ntp_ge_0.75,ground_truth,ntp,0.75,m,161,78,17,3.857765392578435,2.936059981684981,6.200024659579549,,0.317140177570403,0.21177076314147258,0.39524547837169266,,5.715762828475872,0.38964958715523534,78
pond,pond,max_depth,probe_ge_0.00,ground_truth,probe,0.0,m,161,121,21,6.056775288742877,3.7959101654175864,9.116681458600684,,0.40601411622064604,0.29166066725122186,0.4762612250105472,,6.056775288742877,0.40601411622064604,121
pond,pond,max_depth,probe_ge_0.25,ground_truth,probe,0.25,m,161,110,20,4.650557933370978,3.3786868704121957,6.299768533314511,,0.3522763475485722,0.23621811620294356,0.42096862681244074,,6.217592478825521,0.41199803543453095,110
pond,pond,max_depth,probe_ge_0.50,ground_truth,probe,0.5,m,161,97,15,3.1496263494909402,1.065888851091759,4.561715737017353,,0.2801342544353446,0.1925162347643728,0.3763786239014932,,4.873273772171352,0.3606085357550205,97
pond,pond,max_depth,probe_ge_0.75,ground_truth,probe,0.75,m,161,67,12,3.3016651246871227,1.5316156809122108,5.340328113238156,,0.3444848881552361,0.22056077577449135,0.4351068203666346,,4.696142736627421,0.3554853160664858,67
pond,pond,ph,valid,ground_truth,,,,115,145,11,0.20472863568215893,0.13012046476761624,0.4755416791604198,,,,,n/a,,,0
pond,pond,ph,ntp_ge_0.00,ground_truth,ntp,0.0,,115,181,12,1.0207518616382418,0.7031179137641126,1.5947844403074707,,,,,n/a,1.0207518616382418,,181
pond,pond,ph,ntp_ge_0.25,ground_truth,ntp,0.25,,115,89,9,0.3750454323400098,0.20211199316072298,0.5559704201270153,,,,,n/a,1.0631240840254028,,89
pond,pond,ph,ntp_ge_0.50,ground_truth,ntp,0.5,,115,71,8,0.38979301898346597,0.2691056644213106,0.7397488058787505,,,,,n/a,1.292736680955297,,71
pond,pond,ph,ntp_ge_0.75,ground_truth,ntp,0.75,,115,63,8,0.3712394755003451,0.18141204278812978,0.7396215665976534,,,,,n/a,1.4529696342305034,,63
pond,pond,ph,probe_ge_0.00,ground_truth,probe,0.0,,115,181,12,1.0207518616382418,0.7088899591640645,1.3594671751141,,,,,n/a,1.0207518616382418,,181
pond,pond,ph,probe_ge_0.25,ground_truth,probe,0.25,,115,154,12,0.9298210050818748,0.5979741741953699,1.4540180265386788,,,,,n/a,1.0704536984754378,,154
pond,pond,ph,probe_ge_0.50,ground_truth,probe,0.5,,115,123,11,1.0340180275715802,0.5577648373983741,1.3609974991162956,,,,,n/a,0.9712555673382822,,123
pond,pond,ph,probe_ge_0.75,ground_truth,probe,0.75,,115,68,8,1.1548727621483377,0.8334515664961637,1.5895969789002558,,,,,n/a,1.2194021739130436,,68
pond,pond,chla,valid,ground_truth,,,µg/L,41,57,7,34.86041934103553,21.44757702182286,49.93503316217373,,0.947633621664668,0.6732814089999034,1.1396562839659936,,,,0
pond,pond,chla,ntp_ge_0.00,ground_truth,ntp,0.0,µg/L,41,73,9,71.0280521216172,27.381058636819255,99.3621085867023,,1.14058666414845,0.9222984637392385,1.2822864285997118,,71.0280521216172,1.14058666414845,73
pond,pond,chla,ntp_ge_0.25,ground_truth,ntp,0.25,µg/L,41,33,4,84.33266814486322,25.46667405764967,211.67831116038428,,1.0906649560576953,0.762766484082988,1.36445951646497,,94.7184257206208,1.1346373665213108,33
pond,pond,chla,ntp_ge_0.50,ground_truth,ntp,0.5,µg/L,41,25,4,26.21024390243902,16.584609756097564,43.140226829268286,,0.9723092844579758,0.619398687700857,1.2979667938347923,,116.12344390243905,1.2017574661083166,25
pond,pond,chla,ntp_ge_0.75,ground_truth,ntp,0.75,µg/L,41,17,4,15.937302725968435,8.874895982783357,23.91098278335724,,0.8237544229472901,0.4445588507235066,1.1369813006775873,,31.64494978479197,1.001811102490328,17
pond,pond,chla,probe_ge_0.00,ground_truth,probe,0.0,µg/L,41,73,9,71.0280521216172,42.64485457734715,110.91868910791848,,1.14058666414845,1.0234979348214126,1.3549029099178294,,71.0280521216172,1.14058666414845,73
pond,pond,chla,probe_ge_0.25,ground_truth,probe,0.25,µg/L,41,54,7,66.03098464317974,17.656150632339653,115.34116192411926,,0.9539616575354106,0.6257863929976696,1.1225108326472644,,80.23339205058714,1.1235719286220855,54
pond,pond,chla,probe_ge_0.50,ground_truth,probe,0.5,µg/L,41,23,5,95.29893955461291,2.05110816542948,258.5043610816541,,0.5269913485206276,0.23566457428806376,0.8104949340132761,,99.65111346765637,1.0468124784710744,23
pond,pond,chla,probe_ge_0.75,ground_truth,probe,0.75,µg/L,41,13,3,31.051782363977466,0.5676876172607879,122.87017823639763,,0.326659916234847,0.10609572707189452,0.6645666360787444,,151.35947467166972,1.0207803079586675,13
pond,lake,surface_area,valid,ground_truth,,,m^2,197,186,26,117233.2140985754,85486.7341084002,141176.80464767205,,0.3479561073668467,0.2074543006804116,0.4890394338392024,,,,0
pond,lake,surface_area,ntp_ge_0.00,ground_truth,ntp,0.0,m^2,197,243,27,114235.14447160077,88090.5042802532,144239.8484416452,,0.3935811432560346,0.2947270963912484,0.5214788994912153,,114235.14447160077,0.3935811432560346,243
pond,lake,surface_area,ntp_ge_0.25,ground_truth,ntp,0.25,m^2,197,182,26,116908.52763987282,102663.61307385509,157010.7778511463,,0.35556396178853594,0.26584156865805697,0.4872177377316077,,124295.47283427234,0.43972420212061125,182
pond,lake,surface_area,ntp_ge_0.50,ground_truth,ntp,0.5,m^2,197,175,26,114065.23866569978,89423.18284336476,153263.28974329223,,0.33704181766732577,0.23835203809774863,0.49892559723315705,,124991.36939811458,0.44340135461204006,175
pond,lake,surface_area,ntp_ge_0.75,ground_truth,ntp,0.75,m^2,197,170,26,116767.06539265449,75046.97752164825,149521.51892505222,,0.3381986622802242,0.2580245603357988,0.5378987823947919,,128208.66855777842,0.44549393730999276,170
pond,lake,surface_area,probe_ge_0.00,ground_truth,probe,0.0,m^2,197,243,27,114235.14447160077,86370.4906639719,137962.21734139667,,0.3935811432560346,0.2800455789446453,0.5239740983047063,,114235.14447160077,0.3935811432560346,243
pond,lake,surface_area,probe_ge_0.25,ground_truth,probe,0.25,m^2,197,210,27,119653.34558859076,84364.47906876965,148954.83605450808,,0.38504776410327096,0.31261765610427017,0.5218653957608992,,105810.50749335265,0.33929834502471456,210
pond,lake,surface_area,probe_ge_0.50,ground_truth,probe,0.5,m^2,197,165,24,140264.73314874634,110885.22550299956,168008.6811113675,,0.4392196140385154,0.3162142430208742,0.6172954882866697,,105478.20129210892,0.3286812487842859,165
pond,lake,surface_area,probe_ge_0.75,ground_truth,probe,0.75,m^2,197,87,19,136065.51309878056,88292.61722533405,188781.1794853842,,0.31328249972101424,0.21493066432383612,0.47476726358056875,,95471.41513507206,0.29521355181903797,87
pond,lake,max_depth,valid,ground_truth,,,m,99,114,23,3.516443381180223,2.1589121477937274,4.872459130781499,,0.1970591847855349,0.1617991244721327,0.319107631840165,,,,0
pond,lake,max_depth,ntp_ge_0.00,ground_truth,ntp,0.0,m,99,200,26,3.8082909090909087,2.6944285227272733,4.498125277777778,,0.21284929693677684,0.15645890133502183,0.3413222404496665,,3.8082909090909087,0.21284929693677684,200
pond,lake,max_depth,ntp_ge_0.25,ground_truth,ntp,0.25,m,99,108,24,3.4594865319865313,2.1110631313131316,4.334433922558921,,0.22164213318489245,0.13421505052971816,0.28467293591362974,,3.7871717171717183,0.22399014736881387,108
pond,lake,max_depth,ntp_ge_0.50,ground_truth,ntp,0.5,m,99,98,23,2.513577612863327,1.6101656359513503,3.722868171511029,,0.2220693121445501,0.12431749812754449,0.29436667288038176,,4.305822510822511,0.2674443736175914,98
pond,lake,max_depth,ntp_ge_0.75,ground_truth,ntp,0.75,m,99,91,23,2.23027306027306,1.3858278388278389,3.2372313797313783,,0.2200718117350537,0.1579458549172865,0.3785270310951846,,4.693569763569764,0.2972150600840545,91
pond,lake,max_depth,probe_ge_0.00,ground_truth,probe,0.0,m,99,200,26,3.8082909090909087,2.9823662752525255,5.054560328282829,,0.21284929693677684,0.17573200116719512,0.3330072586739092,,3.8082909090909087,0.21284929693677684,200
pond,lake,max_depth,probe_ge_0.25,ground_truth,probe,0.25,m,99,188,26,3.8772512357618742,2.785682583816892,5.231665914463786,,0.21158784200478384,0.15832274830913196,0.340211748974126,,3.948527831506555,0.21384538728979866,188
pond,lake,max_depth,probe_ge_0.50,ground_truth,probe,0.5,m,99,143,24,4.008197358197358,2.960140637140638,5.634626651126649,,0.20913443410001314,0.16680742602152926,0.31321147550948625,,4.638492618492619,0.23446864355682134,143
pond,lake,max_depth,probe_ge_0.75,ground_truth,probe,0.75,m,99,80,16,3.3135214646464646,1.8979487373737376,4.717456976010101,,0.19838146060570416,0.1423969807886043,0.2522791982430787,,5.144198232323233,0.23465365863605964,80
pond,lake,ph,valid,ground_truth,,,,73,94,16,0.5822777615855436,0.3944272442436608,0.7984586855144272,,,,,n/a,,,0
pond,lake,ph,ntp_ge_0.00,ground_truth,ntp,0.0,,73,106,17,0.7225407081933315,0.43335794132850874,1.0292879943137758,,,,,n/a,0.7225407081933315,,106
pond,lake,ph,ntp_ge_0.25,ground_truth,ntp,0.25,,73,30,10,1.002232876712329,0.4291131278538815,1.4751447488584475,,,,,n/a,0.5291598173515982,,30
pond,lake,ph,ntp_ge_0.50,ground_truth,ntp,0.5,,73,26,10,1.1608482613277133,0.7416653055848261,1.5760187038988402,,,,,n/a,0.5656006322444679,,26
pond,lake,ph,ntp_ge_0.75,ground_truth,ntp,0.75,,73,21,10,0.8893281148075668,0.27315606653620356,1.4527627201565554,,,,,n/a,0.6200913242009133,,21
pond,lake,ph,probe_ge_0.00,ground_truth,probe,0.0,,73,106,17,0.7225407081933315,0.411635112432153,0.9904335422589815,,,,,n/a,0.7225407081933315,,106
pond,lake,ph,probe_ge_0.25,ground_truth,probe,0.25,,73,100,16,0.7178671232876712,0.3824486301369864,1.00930102739726,,,,,n/a,0.7611671232876712,,100
pond,lake,ph,probe_ge_0.50,ground_truth,probe,0.5,,73,89,16,0.5259581345236263,0.35939910728028324,0.8640083884869937,,,,,n/a,0.7765199322764352,,89
pond,lake,ph,probe_ge_0.75,ground_truth,probe,0.75,,73,58,12,0.42968115257439776,0.30439596126594237,0.770991851676901,,,,,n/a,0.5749740198393953,,58
pond,lake,chla,valid,ground_truth,,,µg/L,123,92,11,31.878322728879542,8.433074186991874,60.841912778366854,,0.2861101757226737,0.1933342075028313,0.38983961991572613,,,,0
pond,lake,chla,ntp_ge_0.00,ground_truth,ntp,0.0,µg/L,123,112,12,37.50184378629501,17.543554188443643,74.9184897648084,,0.20816177057768226,0.15234524674480082,0.3536216571365054,,37.50184378629501,0.20816177057768226,112
pond,lake,chla,ntp_ge_0.25,ground_truth,ntp,0.25,µg/L,123,64,7,12.19904725609757,9.57893642022358,23.772630208333332,,0.14482726731576834,0.1275258753153255,0.3119620752303579,,41.32793445121949,0.2248786103589434,64
pond,lake,chla,ntp_ge_0.50,ground_truth,ntp,0.5,µg/L,123,58,7,12.62015699467341,9.365090762545552,31.707756167647872,,0.12217181085390856,0.08129671915191537,0.280167916017302,,45.855354639753365,0.19157200769574925,58
pond,lake,chla,ntp_ge_0.75,ground_truth,ntp,0.75,µg/L,123,51,7,14.217790530846509,9.969916307986615,45.123683644189356,,0.10044778855768605,0.09587563997169236,0.22941704044664618,,53.60908656145394,0.20041998777371375,51
pond,lake,chla,probe_ge_0.00,ground_truth,probe,0.0,µg/L,123,112,12,37.50184378629501,13.879255226480836,99.79328905342618,,0.20816177057768226,0.14905185705584495,0.3008532132066567,,37.50184378629501,0.20816177057768226,112
pond,lake,chla,probe_ge_0.25,ground_truth,probe,0.25,µg/L,123,98,12,41.27581715613077,13.391006927161115,84.6540932470549,,0.20347295442590638,0.14762152057679376,0.37452574279601175,,31.488161606105862,0.16349828289111124,98
pond,lake,chla,probe_ge_0.50,ground_truth,probe,0.5,µg/L,123,55,11,51.263976348854406,8.26141537324464,106.40752660753871,,0.14863815583225926,0.11646729750429755,0.2725146545147381,,16.789090909090927,0.20134533702333376,55
pond,lake,chla,probe_ge_0.75,ground_truth,probe,0.75,µg/L,123,8,4,28.296443089430902,20.217708333333338,45.14314024390242,,0.6582608844985303,0.38417459284573596,0.909305641659608,,21.500101626016267,0.35045891018212016,8
